ISO-10303-21;
HEADER;
FILE_DESCRIPTION (( 'STEP AP214' ),
    '1' );
FILE_NAME ('rear wing (attack angles).STEP',
    '2026-08-11T13:11:28',
    ( '' ),
    ( '' ),
    'SwSTEP 2.0',
    'SolidWorks 2026',
    '' );
FILE_SCHEMA (( 'AUTOMOTIVE_DESIGN' ));
ENDSEC;

DATA;
#1 = VECTOR ( 'NONE', #214, 1000.000000000000000 ) ;
#2 = DIRECTION ( 'NONE',  ( 0.000000000000000000, 0.000000000000000000, -1.000000000000000000 ) ) ;
#3 = CARTESIAN_POINT ( 'NONE',  ( -241.1696752149768201, -22.26124408926339626, 5.000000000000000000 ) ) ;
#4 = CYLINDRICAL_SURFACE ( 'NONE', #2130, 5.000000000000004441 ) ;
#5 = VERTEX_POINT ( 'NONE', #325 ) ;
#6 = ORIENTED_EDGE ( 'NONE', *, *, #1587, .T. ) ;
#7 = PLANE ( 'NONE',  #2230 ) ;
#8 = LINE ( 'NONE', #1412, #2044 ) ;
#9 = DIRECTION ( 'NONE',  ( 0.000000000000000000, 1.000000000000000000, 0.000000000000000000 ) ) ;
#10 = ADVANCED_FACE ( 'NONE', ( #1549 ), #520, .T. ) ;
#11 = EDGE_CURVE ( 'NONE', #2026, #1437, #486, .T. ) ;
#12 = DIRECTION ( 'NONE',  ( -1.000000000000000000, 0.000000000000000000, 0.000000000000000000 ) ) ;
#13 = CARTESIAN_POINT ( 'NONE',  ( -286.0992284691789678, 14.07509284988614873, 5.000000000000000000 ) ) ;
#14 = ORIENTED_EDGE ( 'NONE', *, *, #642, .T. ) ;
#15 = ORIENTED_EDGE ( 'NONE', *, *, #1496, .F. ) ;
#16 = ADVANCED_FACE ( 'NONE', ( #1570 ), #2232, .T. ) ;
#17 = CARTESIAN_POINT ( 'NONE',  ( -152.6192284691789780, 35.58509284988614496, 150.0000000000000000 ) ) ;
#18 = ORIENTED_EDGE ( 'NONE', *, *, #1077, .T. ) ;
#19 = CARTESIAN_POINT ( 'NONE',  ( -346.0992284691789678, -1.924907150113855270, 145.0000000000000000 ) ) ;
#20 = CARTESIAN_POINT ( 'NONE',  ( -346.0992284691789678, 8.075092849886148727, 5.000000000000000000 ) ) ;
#21 = DIRECTION ( 'NONE',  ( 1.000000000000000000, 0.000000000000000000, 0.000000000000000000 ) ) ;
#22 = FACE_OUTER_BOUND ( 'NONE', #224, .T. ) ;
#23 = CARTESIAN_POINT ( 'NONE',  ( -372.6192284691790064, -134.4149071501138906, 150.0000000000000000 ) ) ;
#24 = ORIENTED_EDGE ( 'NONE', *, *, #674, .F. ) ;
#25 = ORIENTED_EDGE ( 'NONE', *, *, #185, .T. ) ;
#26 = EDGE_CURVE ( 'NONE', #1115, #985, #1700, .T. ) ;
#27 = DIRECTION ( 'NONE',  ( 1.000000000000000000, -1.734723475976807094E-16, 0.000000000000000000 ) ) ;
#28 = ORIENTED_EDGE ( 'NONE', *, *, #1010, .T. ) ;
#29 = ORIENTED_EDGE ( 'NONE', *, *, #2028, .T. ) ;
#30 = CARTESIAN_POINT ( 'NONE',  ( -346.0992284691789678, 14.07509284988614873, 0.000000000000000000 ) ) ;
#31 = FACE_OUTER_BOUND ( 'NONE', #2104, .T. ) ;
#32 = VECTOR ( 'NONE', #2173, 1000.000000000000000 ) ;
#33 = CARTESIAN_POINT ( 'NONE',  ( -352.6192284691788359, 35.58509284988614496, 150.0000000000000000 ) ) ;
#34 = DIRECTION ( 'NONE',  ( -0.000000000000000000, -0.000000000000000000, -1.000000000000000000 ) ) ;
#35 = ORIENTED_EDGE ( 'NONE', *, *, #185, .F. ) ;
#36 = ORIENTED_EDGE ( 'NONE', *, *, #1461, .T. ) ;
#37 = CIRCLE ( 'NONE', #1322, 5.000000000000004441 ) ;
#38 = PLANE ( 'NONE',  #1367 ) ;
#39 = ORIENTED_EDGE ( 'NONE', *, *, #1179, .F. ) ;
#40 = ORIENTED_EDGE ( 'NONE', *, *, #816, .T. ) ;
#41 = AXIS2_PLACEMENT_3D ( 'NONE', #135, #2255, #1213 ) ;
#42 = EDGE_CURVE ( 'NONE', #1374, #415, #1584, .T. ) ;
#43 = DIRECTION ( 'NONE',  ( 0.000000000000000000, -0.000000000000000000, 1.000000000000000000 ) ) ;
#44 = EDGE_CURVE ( 'NONE', #1521, #1726, #1747, .T. ) ;
#45 = FACE_OUTER_BOUND ( 'NONE', #1333, .T. ) ;
#46 = LINE ( 'NONE', #1092, #928 ) ;
#47 = CARTESIAN_POINT ( 'NONE',  ( 0.000000000000000000, 0.000000000000000000, 0.000000000000000000 ) ) ;
#48 = CARTESIAN_POINT ( 'NONE',  ( -189.1776833766135155, 5.168371171735159031, 5.000000000000000000 ) ) ;
#49 = DIRECTION ( 'NONE',  ( -0.000000000000000000, -0.000000000000000000, 1.000000000000000000 ) ) ;
#50 = EDGE_LOOP ( 'NONE', ( #1214, #1007, #1246, #1520 ) ) ;
#51 = CARTESIAN_POINT ( 'NONE',  ( -152.6192284691788927, -134.4149071501139190, 145.0000000000000000 ) ) ;
#52 = ADVANCED_BREP_SHAPE_REPRESENTATION ( 'rear wing (attack angles)', ( #1901, #228 ), #1038 ) ;
#53 = DIRECTION ( 'NONE',  ( -1.000000000000000000, 0.000000000000000000, 0.000000000000000000 ) ) ;
#54 = EDGE_LOOP ( 'NONE', ( #1814, #1702, #138, #512 ) ) ;
#55 = EDGE_LOOP ( 'NONE', ( #219, #94, #1418, #1985 ) ) ;
#56 = LINE ( 'NONE', #30, #1354 ) ;
#57 = EDGE_LOOP ( 'NONE', ( #531, #1808, #669, #1192 ) ) ;
#58 = EDGE_CURVE ( 'NONE', #1762, #1692, #1094, .T. ) ;
#59 = EDGE_CURVE ( 'NONE', #2049, #2267, #2145, .T. ) ;
#60 = VECTOR ( 'NONE', #1460, 1000.000000000000000 ) ;
#61 = VECTOR ( 'NONE', #484, 1000.000000000000000 ) ;
#62 = DIRECTION ( 'NONE',  ( -0.000000000000000000, -0.000000000000000000, -1.000000000000000000 ) ) ;
#63 = CARTESIAN_POINT ( 'NONE',  ( -276.1696752149768486, -72.26124408926341403, 75.00000000000001421 ) ) ;
#64 = CARTESIAN_POINT ( 'NONE',  ( -236.1897562091988902, -27.26120376446788995, 5.000000000000000000 ) ) ;
#65 = LINE ( 'NONE', #451, #1502 ) ;
#66 = DIRECTION ( 'NONE',  ( -0.000000000000000000, -0.000000000000000000, 1.000000000000000000 ) ) ;
#67 = DIRECTION ( 'NONE',  ( 0.000000000000000000, 0.000000000000000000, 1.000000000000000000 ) ) ;
#68 = ORIENTED_EDGE ( 'NONE', *, *, #309, .T. ) ;
#69 = ORIENTED_EDGE ( 'NONE', *, *, #1691, .F. ) ;
#70 = VECTOR ( 'NONE', #1166, 1000.000000000000000 ) ;
#71 = EDGE_LOOP ( 'NONE', ( #539, #1314, #1184, #1018 ) ) ;
#72 = VECTOR ( 'NONE', #2102, 1000.000000000000000 ) ;
#73 = CARTESIAN_POINT ( 'NONE',  ( -286.0992284691789678, 4.075092849886146062, 145.0000000000000000 ) ) ;
#74 = DIRECTION ( 'NONE',  ( 1.000000000000000000, -6.167905692361988450E-16, 0.000000000000000000 ) ) ;
#75 = LINE ( 'NONE', #979, #1913 ) ;
#76 = DIRECTION ( 'NONE',  ( 0.000000000000000000, 0.000000000000000000, 1.000000000000000000 ) ) ;
#77 = DIRECTION ( 'NONE',  ( 1.000000000000000000, 0.000000000000000000, 0.000000000000000000 ) ) ;
#78 = CARTESIAN_POINT ( 'NONE',  ( -152.6192284691789780, 35.58509284988614496, 145.0000000000000000 ) ) ;
#79 = ORIENTED_EDGE ( 'NONE', *, *, #147, .F. ) ;
#80 = AXIS2_PLACEMENT_3D ( 'NONE', #1667, #583, #1285 ) ;
#81 = AXIS2_PLACEMENT_3D ( 'NONE', #527, #1729, #681 ) ;
#82 = VERTEX_POINT ( 'NONE', #3 ) ;
#83 = CARTESIAN_POINT ( 'NONE',  ( -346.0992284691789678, 4.075092849886146062, 150.0000000000000000 ) ) ;
#84 = CYLINDRICAL_SURFACE ( 'NONE', #1072, 5.000000000000004441 ) ;
#85 = DIRECTION ( 'NONE',  ( -0.000000000000000000, -0.000000000000000000, 1.000000000000000000 ) ) ;
#86 = LINE ( 'NONE', #2160, #1574 ) ;
#87 = ADVANCED_FACE ( 'NONE', ( #1792 ), #1623, .T. ) ;
#88 = DIRECTION ( 'NONE',  ( 0.000000000000000000, 0.000000000000000000, 1.000000000000000000 ) ) ;
#89 = EDGE_CURVE ( 'NONE', #2267, #1867, #704, .T. ) ;
#90 = VECTOR ( 'NONE', #1975, 1000.000000000000000 ) ;
#91 = ORIENTED_EDGE ( 'NONE', *, *, #2268, .T. ) ;
#92 = EDGE_CURVE ( 'NONE', #446, #1486, #578, .T. ) ;
#93 = VECTOR ( 'NONE', #140, 1000.000000000000000 ) ;
#94 = ORIENTED_EDGE ( 'NONE', *, *, #674, .T. ) ;
#95 = DIRECTION ( 'NONE',  ( 0.000000000000000000, 1.000000000000000000, 0.000000000000000000 ) ) ;
#96 = VECTOR ( 'NONE', #1554, 1000.000000000000000 ) ;
#97 = CARTESIAN_POINT ( 'NONE',  ( -286.0992284691789678, -5.924907150113859267, 150.0000000000000000 ) ) ;
#98 = DIRECTION ( 'NONE',  ( -0.000000000000000000, -0.000000000000000000, -1.000000000000000000 ) ) ;
#99 = CARTESIAN_POINT ( 'NONE',  ( -276.1897562091989471, -77.26120376446790772, 75.00000000000001421 ) ) ;
#100 = CARTESIAN_POINT ( 'NONE',  ( -346.0992284691789678, 24.07509284988614695, 5.000000000000000000 ) ) ;
#101 = EDGE_LOOP ( 'NONE', ( #1254, #846, #397, #1315 ) ) ;
#102 = VECTOR ( 'NONE', #277, 1000.000000000000000 ) ;
#103 = ORIENTED_EDGE ( 'NONE', *, *, #773, .T. ) ;
#104 = DIRECTION ( 'NONE',  ( -0.000000000000000000, 0.000000000000000000, 1.000000000000000000 ) ) ;
#105 = LINE ( 'NONE', #459, #1966 ) ;
#106 = CARTESIAN_POINT ( 'NONE',  ( -275.9889462669783029, -27.26160701242294593, 75.00000000000001421 ) ) ;
#107 = FACE_OUTER_BOUND ( 'NONE', #567, .T. ) ;
#108 = ORIENTED_EDGE ( 'NONE', *, *, #570, .T. ) ;
#109 = CARTESIAN_POINT ( 'NONE',  ( -346.0992284691789678, 4.075092849886146062, 5.000000000000000000 ) ) ;
#110 = ORIENTED_EDGE ( 'NONE', *, *, #1727, .T. ) ;
#111 = ORIENTED_EDGE ( 'NONE', *, *, #234, .F. ) ;
#112 = CIRCLE ( 'NONE', #149, 5.000000000000004441 ) ;
#113 = VERTEX_POINT ( 'NONE', #877 ) ;
#114 = AXIS2_PLACEMENT_3D ( 'NONE', #1499, #2188, #616 ) ;
#115 = EDGE_CURVE ( 'NONE', #1811, #754, #1488, .T. ) ;
#116 = EDGE_CURVE ( 'NONE', #1822, #446, #1590, .T. ) ;
#117 = LINE ( 'NONE', #1695, #1201 ) ;
#118 = EDGE_CURVE ( 'NONE', #881, #651, #1435, .T. ) ;
#119 = CARTESIAN_POINT ( 'NONE',  ( -346.0992284691789678, 8.075092849886148727, 5.000000000000000000 ) ) ;
#120 = LINE ( 'NONE', #1539, #2082 ) ;
#121 = DIRECTION ( 'NONE',  ( -0.000000000000000000, -0.000000000000000000, 1.000000000000000000 ) ) ;
#122 = ORIENTED_EDGE ( 'NONE', *, *, #1586, .F. ) ;
#123 = DIRECTION ( 'NONE',  ( -0.000000000000000000, -0.000000000000000000, 1.000000000000000000 ) ) ;
#124 = ORIENTED_EDGE ( 'NONE', *, *, #1324, .F. ) ;
#125 = ORIENTED_EDGE ( 'NONE', *, *, #89, .F. ) ;
#126 = ORIENTED_EDGE ( 'NONE', *, *, #2004, .T. ) ;
#127 = EDGE_LOOP ( 'NONE', ( #2221, #850, #922, #1833 ) ) ;
#128 = EDGE_CURVE ( 'NONE', #1388, #1455, #354, .T. ) ;
#129 = DIRECTION ( 'NONE',  ( -0.000000000000000000, -0.000000000000000000, -1.000000000000000000 ) ) ;
#130 = ADVANCED_FACE ( 'NONE', ( #1080 ), #1067, .F. ) ;
#131 = CARTESIAN_POINT ( 'NONE',  ( -152.6192284691789496, 15.58509284988615207, 0.000000000000000000 ) ) ;
#132 = DIRECTION ( 'NONE',  ( -0.000000000000000000, -0.000000000000000000, 1.000000000000000000 ) ) ;
#133 = VECTOR ( 'NONE', #363, 1000.000000000000000 ) ;
#134 = VERTEX_POINT ( 'NONE', #33 ) ;
#135 = CARTESIAN_POINT ( 'NONE',  ( -352.6192284691789496, 15.58509284988615207, 150.0000000000000000 ) ) ;
#136 = EDGE_LOOP ( 'NONE', ( #1381, #2119, #1259, #122, #1854, #1170, #1774, #251 ) ) ;
#137 = ORIENTED_EDGE ( 'NONE', *, *, #1244, .T. ) ;
#138 = ORIENTED_EDGE ( 'NONE', *, *, #335, .T. ) ;
#139 = PRODUCT_DEFINITION_SHAPE ( 'NONE', 'NONE',  #1429 ) ;
#140 = DIRECTION ( 'NONE',  ( -0.000000000000000000, 1.000000000000000000, -0.000000000000000000 ) ) ;
#141 = CARTESIAN_POINT ( 'NONE',  ( -346.0992284691789678, 8.075092849886148727, 145.0000000000000000 ) ) ;
#142 = CARTESIAN_POINT ( 'NONE',  ( -346.0992284691789678, 8.075092849886148727, 5.000000000000000000 ) ) ;
#143 = ORIENTED_EDGE ( 'NONE', *, *, #266, .T. ) ;
#144 = DIRECTION ( 'NONE',  ( -0.000000000000000000, 1.000000000000000000, -0.000000000000000000 ) ) ;
#145 = ORIENTED_EDGE ( 'NONE', *, *, #2062, .T. ) ;
#146 = VERTEX_POINT ( 'NONE', #1768 ) ;
#147 = EDGE_CURVE ( 'NONE', #426, #1115, #1265, .T. ) ;
#148 = EDGE_LOOP ( 'NONE', ( #836, #1500, #1786, #1679 ) ) ;
#149 = AXIS2_PLACEMENT_3D ( 'NONE', #156, #475, #464 ) ;
#150 = VECTOR ( 'NONE', #1482, 1000.000000000000000 ) ;
#151 = DIRECTION ( 'NONE',  ( 0.000000000000000000, 0.000000000000000000, 1.000000000000000000 ) ) ;
#152 = LINE ( 'NONE', #1905, #1933 ) ;
#153 = AXIS2_PLACEMENT_3D ( 'NONE', #1047, #1918, #1580 ) ;
#154 = DIRECTION ( 'NONE',  ( -0.000000000000000000, -0.000000000000000000, -1.000000000000000000 ) ) ;
#155 = ORIENTED_EDGE ( 'NONE', *, *, #1790, .T. ) ;
#156 = CARTESIAN_POINT ( 'NONE',  ( -253.4636485081563251, -109.6507841373919376, 60.00000000000000000 ) ) ;
#157 = EDGE_LOOP ( 'NONE', ( #1304, #1846, #369, #1656 ) ) ;
#158 = ORIENTED_EDGE ( 'NONE', *, *, #2087, .T. ) ;
#159 = EDGE_CURVE ( 'NONE', #1442, #740, #1758, .T. ) ;
#160 = ADVANCED_FACE ( 'NONE', ( #22 ), #204, .T. ) ;
#161 = ADVANCED_FACE ( 'NONE', ( #346 ), #715, .F. ) ;
#162 = ORIENTED_EDGE ( 'NONE', *, *, #1347, .T. ) ;
#163 = AXIS2_PLACEMENT_3D ( 'NONE', #947, #405, #1508 ) ;
#164 = DIRECTION ( 'NONE',  ( -1.000000000000000000, 0.000000000000000000, 0.000000000000000000 ) ) ;
#165 = LINE ( 'NONE', #1576, #468 ) ;
#166 = DIRECTION ( 'NONE',  ( -1.000000000000000000, 0.000000000000000000, 0.000000000000000000 ) ) ;
#167 = DIRECTION ( 'NONE',  ( -1.000000000000000000, 0.000000000000000000, -0.000000000000000000 ) ) ;
#168 = CARTESIAN_POINT ( 'NONE',  ( -346.0992284691789678, 24.07509284988614695, 145.0000000000000000 ) ) ;
#169 = ORIENTED_EDGE ( 'NONE', *, *, #1294, .T. ) ;
#170 = VECTOR ( 'NONE', #863, 1000.000000000000000 ) ;
#171 = ORIENTED_EDGE ( 'NONE', *, *, #92, .F. ) ;
#172 = ORIENTED_EDGE ( 'NONE', *, *, #1258, .T. ) ;
#173 = CARTESIAN_POINT ( 'NONE',  ( -132.6192284691789496, 15.58509284988615740, 150.0000000000000000 ) ) ;
#174 = AXIS2_PLACEMENT_3D ( 'NONE', #1771, #1978, #565 ) ;
#175 = LINE ( 'NONE', #2088, #170 ) ;
#176 = CARTESIAN_POINT ( 'NONE',  ( -352.6192284691789496, 15.58509284988615207, 0.000000000000000000 ) ) ;
#177 = AXIS2_PLACEMENT_3D ( 'NONE', #1711, #121, #646 ) ;
#178 = CARTESIAN_POINT ( 'NONE',  ( -239.6521571546024916, -66.82272433320854077, 60.00000000000000000 ) ) ;
#179 = DIRECTION ( 'NONE',  ( 0.000000000000000000, -1.000000000000000000, 0.000000000000000000 ) ) ;
#180 = ORIENTED_EDGE ( 'NONE', *, *, #403, .F. ) ;
#181 = AXIS2_PLACEMENT_3D ( 'NONE', #692, #1222, #1612 ) ;
#182 = VERTEX_POINT ( 'NONE', #722 ) ;
#183 = AXIS2_PLACEMENT_3D ( 'NONE', #537, #529, #1937 ) ;
#184 = DIRECTION ( 'NONE',  ( -0.000000000000000000, -0.000000000000000000, 1.000000000000000000 ) ) ;
#185 = EDGE_CURVE ( 'NONE', #2072, #447, #1425, .T. ) ;
#186 = EDGE_CURVE ( 'NONE', #1976, #687, #1946, .T. ) ;
#187 = EDGE_CURVE ( 'NONE', #1137, #1889, #1829, .T. ) ;
#188 = CARTESIAN_POINT ( 'NONE',  ( -372.6192284691790064, -134.4149071501138906, 5.000000000000000000 ) ) ;
#189 = VECTOR ( 'NONE', #227, 1000.000000000000000 ) ;
#190 = CARTESIAN_POINT ( 'NONE',  ( -152.6192284691788927, -134.4149071501139190, 150.0000000000000000 ) ) ;
#191 = AXIS2_PLACEMENT_3D ( 'NONE', #1851, #2208, #88 ) ;
#192 = CARTESIAN_POINT ( 'NONE',  ( -132.6192284691789496, 15.58509284988615740, 145.0000000000000000 ) ) ;
#193 = PLANE ( 'NONE',  #927 ) ;
#194 = VERTEX_POINT ( 'NONE', #48 ) ;
#195 = VERTEX_POINT ( 'NONE', #245 ) ;
#196 = CARTESIAN_POINT ( 'NONE',  ( -346.0992284691789678, -5.924907150113859267, 5.000000000000000000 ) ) ;
#197 = ORIENTED_EDGE ( 'NONE', *, *, #885, .T. ) ;
#198 = CYLINDRICAL_SURFACE ( 'NONE', #1722, 19.99999999999998934 ) ;
#199 = CIRCLE ( 'NONE', #1680, 20.00000000000001776 ) ;
#200 = EDGE_CURVE ( 'NONE', #1964, #516, #673, .T. ) ;
#201 = CARTESIAN_POINT ( 'NONE',  ( -346.0992284691789678, -5.924907150113845056, 150.0000000000000000 ) ) ;
#202 = AXIS2_PLACEMENT_3D ( 'NONE', #2214, #806, #285 ) ;
#203 = DIRECTION ( 'NONE',  ( 0.000000000000000000, 0.000000000000000000, 1.000000000000000000 ) ) ;
#204 = CYLINDRICAL_SURFACE ( 'NONE', #966, 50.00000000000001421 ) ;
#205 = FACE_BOUND ( 'NONE', #1952, .T. ) ;
#206 = ORIENTED_EDGE ( 'NONE', *, *, #1209, .F. ) ;
#207 = ORIENTED_EDGE ( 'NONE', *, *, #1916, .F. ) ;
#208 = LINE ( 'NONE', #394, #297 ) ;
#209 = ORIENTED_EDGE ( 'NONE', *, *, #473, .T. ) ;
#210 = VECTOR ( 'NONE', #1123, 1000.000000000000000 ) ;
#211 = ORIENTED_EDGE ( 'NONE', *, *, #1125, .F. ) ;
#212 = VERTEX_POINT ( 'NONE', #450 ) ;
#213 = CARTESIAN_POINT ( 'NONE',  ( -346.0992284691789678, 14.07509284988614873, 145.0000000000000000 ) ) ;
#214 = DIRECTION ( 'NONE',  ( 0.000000000000000000, 0.000000000000000000, -1.000000000000000000 ) ) ;
#215 = LINE ( 'NONE', #896, #452 ) ;
#216 = CARTESIAN_POINT ( 'NONE',  ( -286.0992284691789678, 14.07509284988614873, 5.000000000000000000 ) ) ;
#217 = LINE ( 'NONE', #920, #1651 ) ;
#218 = ORIENTED_EDGE ( 'NONE', *, *, #1221, .F. ) ;
#219 = ORIENTED_EDGE ( 'NONE', *, *, #1012, .T. ) ;
#220 = DIRECTION ( 'NONE',  ( 0.4226182617407010511, -0.9063077870366492705, 0.000000000000000000 ) ) ;
#221 = EDGE_CURVE ( 'NONE', #395, #2026, #808, .T. ) ;
#222 = ORIENTED_EDGE ( 'NONE', *, *, #26, .F. ) ;
#223 = EDGE_CURVE ( 'NONE', #1005, #1976, #429, .T. ) ;
#224 = EDGE_LOOP ( 'NONE', ( #1402, #209, #1617, #707 ) ) ;
#225 = CARTESIAN_POINT ( 'NONE',  ( -346.0992284691789678, -11.92490715011385660, 5.000000000000000000 ) ) ;
#226 = CARTESIAN_POINT ( 'NONE',  ( -346.0992284691789678, 24.07509284988614695, 145.0000000000000000 ) ) ;
#227 = DIRECTION ( 'NONE',  ( 0.000000000000000000, 0.000000000000000000, 1.000000000000000000 ) ) ;
#228 = AXIS2_PLACEMENT_3D ( 'NONE', #47, #2172, #577 ) ;
#229 = CARTESIAN_POINT ( 'NONE',  ( -229.1776833766135439, -44.83162882826483298, 145.0000000000000000 ) ) ;
#230 = CARTESIAN_POINT ( 'NONE',  ( -286.0992284691790246, 24.07509284988615406, 145.0000000000000000 ) ) ;
#231 = EDGE_LOOP ( 'NONE', ( #1715, #206, #639, #2017 ) ) ;
#232 = AXIS2_PLACEMENT_3D ( 'NONE', #1776, #904, #1610 ) ;
#233 = CARTESIAN_POINT ( 'NONE',  ( -152.6192284691788927, -134.4149071501139190, 0.000000000000000000 ) ) ;
#234 = EDGE_CURVE ( 'NONE', #595, #2060, #601, .T. ) ;
#235 =( NAMED_UNIT ( * ) SI_UNIT ( $, .STERADIAN. ) SOLID_ANGLE_UNIT ( ) );
#236 = ORIENTED_EDGE ( 'NONE', *, *, #813, .F. ) ;
#237 = EDGE_CURVE ( 'NONE', #891, #1533, #75, .T. ) ;
#238 = ORIENTED_EDGE ( 'NONE', *, *, #882, .F. ) ;
#239 = VECTOR ( 'NONE', #2209, 1000.000000000000000 ) ;
#240 = EDGE_CURVE ( 'NONE', #1867, #489, #1974, .T. ) ;
#241 = CARTESIAN_POINT ( 'NONE',  ( -132.6192284691789496, 15.58509284988615740, 5.000000000000000000 ) ) ;
#242 = ORIENTED_EDGE ( 'NONE', *, *, #1444, .F. ) ;
#243 = FACE_OUTER_BOUND ( 'NONE', #550, .T. ) ;
#244 = LINE ( 'NONE', #1318, #1914 ) ;
#245 = CARTESIAN_POINT ( 'NONE',  ( -312.6192284691788927, -134.4149071501138906, 145.0000000000000000 ) ) ;
#246 = DIRECTION ( 'NONE',  ( -0.000000000000000000, -0.000000000000000000, 1.000000000000000000 ) ) ;
#247 = CARTESIAN_POINT ( 'NONE',  ( -152.6192284691789780, 35.58509284988614496, 0.000000000000000000 ) ) ;
#248 = DIRECTION ( 'NONE',  ( -1.000000000000000000, -0.000000000000000000, -0.000000000000000000 ) ) ;
#249 = EDGE_LOOP ( 'NONE', ( #261, #2069, #1282, #504 ) ) ;
#250 = VERTEX_POINT ( 'NONE', #64 ) ;
#251 = ORIENTED_EDGE ( 'NONE', *, *, #954, .F. ) ;
#252 = VECTOR ( 'NONE', #1597, 1000.000000000000000 ) ;
#253 = CIRCLE ( 'NONE', #1021, 19.99999999999998934 ) ;
#254 = LINE ( 'NONE', #2009, #1101 ) ;
#255 = CARTESIAN_POINT ( 'NONE',  ( -286.0992284691790246, 4.075092849886136293, 5.000000000000000000 ) ) ;
#256 = LINE ( 'NONE', #622, #746 ) ;
#257 = CARTESIAN_POINT ( 'NONE',  ( -238.2827665236802943, -17.72970515408014336, 5.000000000000004441 ) ) ;
#258 = CARTESIAN_POINT ( 'NONE',  ( -286.0992284691789678, 24.07509284988614695, 145.0000000000000000 ) ) ;
#259 = LINE ( 'NONE', #1853, #2027 ) ;
#260 = EDGE_LOOP ( 'NONE', ( #607, #349, #2037, #1420 ) ) ;
#261 = ORIENTED_EDGE ( 'NONE', *, *, #907, .T. ) ;
#262 = ORIENTED_EDGE ( 'NONE', *, *, #2097, .T. ) ;
#263 = EDGE_CURVE ( 'NONE', #1541, #1234, #1133, .T. ) ;
#264 = CARTESIAN_POINT ( 'NONE',  ( -346.0992284691789678, 4.075092849886146062, 5.000000000000000000 ) ) ;
#265 = CARTESIAN_POINT ( 'NONE',  ( -278.2827665236803796, -67.72970515408017889, 5.000000000000004441 ) ) ;
#266 = EDGE_CURVE ( 'NONE', #708, #1552, #256, .T. ) ;
#267 = ADVANCED_FACE ( 'NONE', ( #442 ), #958, .T. ) ;
#268 = CARTESIAN_POINT ( 'NONE',  ( -253.4636485081563251, -109.6507841373919376, 90.00000000000000000 ) ) ;
#269 = PLANE ( 'NONE',  #1279 ) ;
#270 = CARTESIAN_POINT ( 'NONE',  ( -346.0992284691789678, -1.924907150113855270, 5.000000000000000000 ) ) ;
#271 = CIRCLE ( 'NONE', #1555, 5.000000000000004441 ) ;
#272 = CYLINDRICAL_SURFACE ( 'NONE', #1409, 20.00000000000001776 ) ;
#273 = ORIENTED_EDGE ( 'NONE', *, *, #1835, .F. ) ;
#274 = CIRCLE ( 'NONE', #2066, 19.99999999999998934 ) ;
#275 = EDGE_LOOP ( 'NONE', ( #2257, #310, #649, #1019 ) ) ;
#276 = ORIENTED_EDGE ( 'NONE', *, *, #1630, .T. ) ;
#277 = DIRECTION ( 'NONE',  ( -1.000000000000000000, -0.000000000000000000, 0.000000000000000000 ) ) ;
#278 = DIRECTION ( 'NONE',  ( -6.167905692361988450E-16, -1.000000000000000000, -0.000000000000000000 ) ) ;
#279 = FACE_OUTER_BOUND ( 'NONE', #1807, .T. ) ;
#280 = PLANE ( 'NONE',  #1870 ) ;
#281 = CIRCLE ( 'NONE', #1163, 5.000000000000004441 ) ;
#282 = ORIENTED_EDGE ( 'NONE', *, *, #2224, .F. ) ;
#283 = AXIS2_PLACEMENT_3D ( 'NONE', #655, #818, #1186 ) ;
#284 = ORIENTED_EDGE ( 'NONE', *, *, #1183, .T. ) ;
#285 = DIRECTION ( 'NONE',  ( 0.000000000000000000, 0.000000000000000000, -1.000000000000000000 ) ) ;
#286 = VECTOR ( 'NONE', #518, 1000.000000000000000 ) ;
#287 = LINE ( 'NONE', #1359, #1272 ) ;
#288 = CARTESIAN_POINT ( 'NONE',  ( -253.4021830371259796, -104.6511619520792209, 60.00000000000000000 ) ) ;
#289 = DIRECTION ( 'NONE',  ( -1.000000000000000000, 0.000000000000000000, 0.000000000000000000 ) ) ;
#290 = ORIENTED_EDGE ( 'NONE', *, *, #1244, .F. ) ;
#291 = FACE_OUTER_BOUND ( 'NONE', #1800, .T. ) ;
#292 = ORIENTED_EDGE ( 'NONE', *, *, #1663, .F. ) ;
#293 = AXIS2_PLACEMENT_3D ( 'NONE', #1449, #2142, #574 ) ;
#294 = EDGE_CURVE ( 'NONE', #146, #1099, #419, .T. ) ;
#295 = EDGE_CURVE ( 'NONE', #938, #134, #1122, .T. ) ;
#296 = ORIENTED_EDGE ( 'NONE', *, *, #699, .F. ) ;
#297 = VECTOR ( 'NONE', #593, 1000.000000000000000 ) ;
#298 = CARTESIAN_POINT ( 'NONE',  ( -346.0992284691789678, 14.07509284988614873, 145.0000000000000000 ) ) ;
#299 = AXIS2_PLACEMENT_3D ( 'NONE', #658, #1364, #855 ) ;
#300 = LINE ( 'NONE', #1882, #686 ) ;
#301 = DIRECTION ( 'NONE',  ( -1.000000000000000000, 0.000000000000000000, 0.000000000000000000 ) ) ;
#302 = CARTESIAN_POINT ( 'NONE',  ( -346.0992284691789678, 14.07509284988614873, 5.000000000000000000 ) ) ;
#303 = AXIS2_PLACEMENT_3D ( 'NONE', #192, #1926, #919 ) ;
#304 = EDGE_LOOP ( 'NONE', ( #1031, #1749, #827, #2056 ) ) ;
#305 = LINE ( 'NONE', #109, #344 ) ;
#306 = EDGE_LOOP ( 'NONE', ( #717, #412, #2189, #1668 ) ) ;
#307 = ORIENTED_EDGE ( 'NONE', *, *, #1039, .F. ) ;
#308 = EDGE_CURVE ( 'NONE', #1343, #1190, #2185, .T. ) ;
#309 = EDGE_CURVE ( 'NONE', #1795, #1948, #2206, .T. ) ;
#310 = ORIENTED_EDGE ( 'NONE', *, *, #1957, .F. ) ;
#311 = VECTOR ( 'NONE', #1159, 1000.000000000000000 ) ;
#312 = CARTESIAN_POINT ( 'NONE',  ( -346.0992284691789678, -11.92490715011385660, 145.0000000000000000 ) ) ;
#313 = CARTESIAN_POINT ( 'NONE',  ( -189.1776833766135155, 5.168371171735159031, 145.0000000000000000 ) ) ;
#314 = CARTESIAN_POINT ( 'NONE',  ( -286.0992284691789678, -1.924907150113855270, 145.0000000000000000 ) ) ;
#315 = DIRECTION ( 'NONE',  ( -1.000000000000000000, 0.000000000000000000, 0.000000000000000000 ) ) ;
#316 = EDGE_LOOP ( 'NONE', ( #1939, #1887, #1821, #1267 ) ) ;
#317 = CARTESIAN_POINT ( 'NONE',  ( -346.0992284691789678, 4.075092849886146062, 5.000000000000000000 ) ) ;
#318 = ORIENTED_EDGE ( 'NONE', *, *, #642, .F. ) ;
#319 = VERTEX_POINT ( 'NONE', #1156 ) ;
#320 = CARTESIAN_POINT ( 'NONE',  ( -312.6192284691788927, -134.4149071501138906, 5.000000000000000000 ) ) ;
#321 = ADVANCED_FACE ( 'NONE', ( #1319 ), #946, .F. ) ;
#322 = ORIENTED_EDGE ( 'NONE', *, *, #813, .T. ) ;
#323 = CARTESIAN_POINT ( 'NONE',  ( -352.6192284691788359, 35.58509284988614496, 145.0000000000000000 ) ) ;
#324 = DIRECTION ( 'NONE',  ( -0.000000000000000000, -0.000000000000000000, -1.000000000000000000 ) ) ;
#325 = CARTESIAN_POINT ( 'NONE',  ( -346.0992284691789678, 18.07509284988614695, 150.0000000000000000 ) ) ;
#326 = CARTESIAN_POINT ( 'NONE',  ( -253.4021830371259796, -104.6511619520792209, 145.0000000000000000 ) ) ;
#327 = ORIENTED_EDGE ( 'NONE', *, *, #883, .T. ) ;
#328 = ORIENTED_EDGE ( 'NONE', *, *, #1618, .T. ) ;
#329 = VERTEX_POINT ( 'NONE', #229 ) ;
#330 = CARTESIAN_POINT ( 'NONE',  ( -254.9982586585511797, -114.4094574489678564, 4.999999999999997335 ) ) ;
#331 = EDGE_CURVE ( 'NONE', #1357, #1398, #271, .T. ) ;
#332 = ADVANCED_FACE ( 'NONE', ( #1106 ), #1639, .F. ) ;
#333 = CARTESIAN_POINT ( 'NONE',  ( -152.6192284691788927, -134.4149071501139190, 5.000000000000000000 ) ) ;
#334 = FACE_OUTER_BOUND ( 'NONE', #2137, .T. ) ;
#335 = EDGE_CURVE ( 'NONE', #1941, #1061, #591, .T. ) ;
#336 = DIRECTION ( 'NONE',  ( 0.000000000000000000, 1.000000000000000000, 0.000000000000000000 ) ) ;
#337 = CARTESIAN_POINT ( 'NONE',  ( -286.0992284691789678, 18.07509284988614695, 150.0000000000000000 ) ) ;
#338 = VERTEX_POINT ( 'NONE', #2033 ) ;
#339 = ORIENTED_EDGE ( 'NONE', *, *, #1128, .T. ) ;
#340 = AXIS2_PLACEMENT_3D ( 'NONE', #23, #1068, #1571 ) ;
#341 = AXIS2_PLACEMENT_3D ( 'NONE', #390, #1416, #2117 ) ;
#342 = DIRECTION ( 'NONE',  ( 1.000000000000000000, 0.000000000000000000, 0.000000000000000000 ) ) ;
#343 = CARTESIAN_POINT ( 'NONE',  ( -372.6192284691789496, 15.58509284988600285, 145.0000000000000000 ) ) ;
#344 = VECTOR ( 'NONE', #2057, 1000.000000000000000 ) ;
#345 = LINE ( 'NONE', #1045, #2073 ) ;
#346 = FACE_OUTER_BOUND ( 'NONE', #839, .T. ) ;
#347 = CARTESIAN_POINT ( 'NONE',  ( -372.6192284691790064, -134.4149071501138906, 5.000000000000000000 ) ) ;
#348 = EDGE_LOOP ( 'NONE', ( #1689, #2008, #1283, #1721 ) ) ;
#349 = ORIENTED_EDGE ( 'NONE', *, *, #739, .T. ) ;
#350 = ORIENTED_EDGE ( 'NONE', *, *, #701, .T. ) ;
#351 = LINE ( 'NONE', #2106, #726 ) ;
#352 = CARTESIAN_POINT ( 'NONE',  ( -286.0992284691789678, 14.07509284988614873, 0.000000000000000000 ) ) ;
#353 = LINE ( 'NONE', #2262, #977 ) ;
#354 = LINE ( 'NONE', #889, #1305 ) ;
#355 = CARTESIAN_POINT ( 'NONE',  ( -152.6192284691789496, 15.58509284988615207, 150.0000000000000000 ) ) ;
#356 = ORIENTED_EDGE ( 'NONE', *, *, #1916, .T. ) ;
#357 = AXIS2_PLACEMENT_3D ( 'NONE', #1290, #414, #2141 ) ;
#358 = CIRCLE ( 'NONE', #585, 19.99999999999998934 ) ;
#359 = EDGE_CURVE ( 'NONE', #2025, #1061, #644, .T. ) ;
#360 = ADVANCED_FACE ( 'NONE', ( #1871 ), #469, .T. ) ;
#361 = ORIENTED_EDGE ( 'NONE', *, *, #1327, .F. ) ;
#362 = EDGE_CURVE ( 'NONE', #900, #113, #300, .T. ) ;
#363 = DIRECTION ( 'NONE',  ( 0.000000000000000000, -1.000000000000000000, 0.000000000000000000 ) ) ;
#364 = DIRECTION ( 'NONE',  ( -1.000000000000000000, 0.000000000000000000, 0.000000000000000000 ) ) ;
#365 = DIRECTION ( 'NONE',  ( -0.000000000000000000, 0.000000000000000000, 1.000000000000000000 ) ) ;
#366 = DIRECTION ( 'NONE',  ( -1.000000000000000000, -3.469446951953617270E-17, -0.000000000000000000 ) ) ;
#367 = CARTESIAN_POINT ( 'NONE',  ( -276.1696752149768486, -72.26124408926341403, 5.000000000000000000 ) ) ;
#368 = FACE_BOUND ( 'NONE', #1334, .T. ) ;
#369 = ORIENTED_EDGE ( 'NONE', *, *, #2030, .T. ) ;
#370 = ORIENTED_EDGE ( 'NONE', *, *, #1196, .F. ) ;
#371 = CYLINDRICAL_SURFACE ( 'NONE', #1182, 20.00000000000001776 ) ;
#372 = EDGE_LOOP ( 'NONE', ( #1109, #1877, #1366, #124 ) ) ;
#373 = ADVANCED_FACE ( 'NONE', ( #631 ), #1338, .T. ) ;
#374 = CARTESIAN_POINT ( 'NONE',  ( -346.0992284691789678, -1.924907150113855270, 145.0000000000000000 ) ) ;
#375 = CARTESIAN_POINT ( 'NONE',  ( -286.0992284691789678, -5.924907150113859267, 0.000000000000000000 ) ) ;
#376 = CARTESIAN_POINT ( 'NONE',  ( -286.0992284691789678, 24.07509284988614695, 5.000000000000000000 ) ) ;
#377 = VECTOR ( 'NONE', #1738, 1000.000000000000000 ) ;
#378 = DIRECTION ( 'NONE',  ( -0.000000000000000000, 0.000000000000000000, 1.000000000000000000 ) ) ;
#379 = LINE ( 'NONE', #1759, #858 ) ;
#380 = EDGE_LOOP ( 'NONE', ( #2126, #1605, #1369, #1631 ) ) ;
#381 = ORIENTED_EDGE ( 'NONE', *, *, #128, .F. ) ;
#382 = CARTESIAN_POINT ( 'NONE',  ( -372.6192284691790064, -134.4149071501138906, 0.000000000000000000 ) ) ;
#383 = ORIENTED_EDGE ( 'NONE', *, *, #1415, .T. ) ;
#384 = VERTEX_POINT ( 'NONE', #2052 ) ;
#385 = FACE_OUTER_BOUND ( 'NONE', #1953, .T. ) ;
#386 = AXIS2_PLACEMENT_3D ( 'NONE', #1331, #246, #1495 ) ;
#387 = LINE ( 'NONE', #557, #1 ) ;
#388 = CIRCLE ( 'NONE', #576, 50.00000000000001421 ) ;
#389 = EDGE_CURVE ( 'NONE', #446, #1739, #1527, .T. ) ;
#390 = CARTESIAN_POINT ( 'NONE',  ( -253.4021830371259796, -104.6511619520792209, 60.00000000000000000 ) ) ;
#391 = DIRECTION ( 'NONE',  ( -0.000000000000000000, -0.000000000000000000, -1.000000000000000000 ) ) ;
#392 = ORIENTED_EDGE ( 'NONE', *, *, #1866, .T. ) ;
#393 = ORIENTED_EDGE ( 'NONE', *, *, #200, .T. ) ;
#394 = CARTESIAN_POINT ( 'NONE',  ( -372.6192284691790064, -74.41490715011389057, 145.0000000000000000 ) ) ;
#395 = VERTEX_POINT ( 'NONE', #313 ) ;
#396 = VECTOR ( 'NONE', #1685, 1000.000000000000000 ) ;
#397 = ORIENTED_EDGE ( 'NONE', *, *, #473, .F. ) ;
#398 = DIRECTION ( 'NONE',  ( 1.734723475976807094E-16, 1.000000000000000000, 0.000000000000000000 ) ) ;
#399 = CARTESIAN_POINT ( 'NONE',  ( -346.0992284691789678, 8.075092849886148727, 145.0000000000000000 ) ) ;
#400 = DIRECTION ( 'NONE',  ( 0.000000000000000000, -1.000000000000000000, 0.000000000000000000 ) ) ;
#401 = VECTOR ( 'NONE', #795, 1000.000000000000000 ) ;
#402 = ADVANCED_FACE ( 'NONE', ( #1538 ), #2226, .T. ) ;
#403 = EDGE_CURVE ( 'NONE', #911, #1388, #287, .T. ) ;
#404 = CARTESIAN_POINT ( 'NONE',  ( -132.6192284691789496, -114.4149071501139048, 145.0000000000000000 ) ) ;
#405 = DIRECTION ( 'NONE',  ( 0.000000000000000000, -1.000000000000000000, 0.000000000000000000 ) ) ;
#406 = VERTEX_POINT ( 'NONE', #1697 ) ;
#407 = EDGE_LOOP ( 'NONE', ( #1023, #1489, #2047, #879 ) ) ;
#408 = EDGE_CURVE ( 'NONE', #329, #2083, #105, .T. ) ;
#409 = FACE_OUTER_BOUND ( 'NONE', #1344, .T. ) ;
#410 = AXIS2_PLACEMENT_3D ( 'NONE', #1797, #220, #923 ) ;
#411 = CARTESIAN_POINT ( 'NONE',  ( -286.0992284691789678, 24.07509284988614695, 0.000000000000000000 ) ) ;
#412 = ORIENTED_EDGE ( 'NONE', *, *, #1419, .F. ) ;
#413 = ORIENTED_EDGE ( 'NONE', *, *, #1414, .T. ) ;
#414 = DIRECTION ( 'NONE',  ( 0.000000000000000000, -1.000000000000000000, 0.000000000000000000 ) ) ;
#415 = VERTEX_POINT ( 'NONE', #1345 ) ;
#416 = LINE ( 'NONE', #1660, #1475 ) ;
#417 = CARTESIAN_POINT ( 'NONE',  ( -254.9982586585511797, -114.4094574489678564, 60.00000000000000000 ) ) ;
#418 = AXIS2_PLACEMENT_3D ( 'NONE', #1417, #1399, #878 ) ;
#419 = LINE ( 'NONE', #1516, #1040 ) ;
#420 = CARTESIAN_POINT ( 'NONE',  ( -253.4021830371259796, -104.6511619520792209, 90.00000000000000000 ) ) ;
#421 = CIRCLE ( 'NONE', #1119, 19.99999999999998934 ) ;
#422 = CARTESIAN_POINT ( 'NONE',  ( -372.6192284691789496, 15.58509284988600285, 5.000000000000000000 ) ) ;
#423 =( LENGTH_UNIT ( ) NAMED_UNIT ( * ) SI_UNIT ( .MILLI., .METRE. ) );
#424 = ORIENTED_EDGE ( 'NONE', *, *, #2123, .T. ) ;
#425 = ORIENTED_EDGE ( 'NONE', *, *, #2096, .F. ) ;
#426 = VERTEX_POINT ( 'NONE', #320 ) ;
#427 = DIRECTION ( 'NONE',  ( 0.000000000000000000, 0.000000000000000000, 1.000000000000000000 ) ) ;
#428 = LINE ( 'NONE', #1132, #2213 ) ;
#429 = LINE ( 'NONE', #1298, #32 ) ;
#430 = CARTESIAN_POINT ( 'NONE',  ( -254.9982586585511797, -114.4094574489678564, 145.0000000000000000 ) ) ;
#431 = CARTESIAN_POINT ( 'NONE',  ( -286.0992284691789678, 18.07509284988614695, 0.000000000000000000 ) ) ;
#432 = CARTESIAN_POINT ( 'NONE',  ( -132.6192284691789496, 15.58509284988615740, 145.0000000000000000 ) ) ;
#433 = VERTEX_POINT ( 'NONE', #330 ) ;
#434 = ORIENTED_EDGE ( 'NONE', *, *, #2229, .T. ) ;
#435 = EDGE_CURVE ( 'NONE', #597, #1513, #1030, .T. ) ;
#436 = ADVANCED_FACE ( 'NONE', ( #1022 ), #2029, .T. ) ;
#437 = EDGE_LOOP ( 'NONE', ( #1910, #1842, #647, #780 ) ) ;
#438 = EDGE_CURVE ( 'NONE', #1215, #915, #1546, .T. ) ;
#439 = VECTOR ( 'NONE', #1432, 1000.000000000000000 ) ;
#440 = PLANE ( 'NONE',  #590 ) ;
#441 = CARTESIAN_POINT ( 'NONE',  ( -372.6192284691790064, -74.41490715011389057, 145.0000000000000000 ) ) ;
#442 = FACE_OUTER_BOUND ( 'NONE', #1981, .T. ) ;
#443 = CARTESIAN_POINT ( 'NONE',  ( -346.0992284691789678, 18.07509284988614695, 5.000000000000000000 ) ) ;
#444 = DIRECTION ( 'NONE',  ( 0.000000000000000000, -0.000000000000000000, -1.000000000000000000 ) ) ;
#445 = FACE_OUTER_BOUND ( 'NONE', #2192, .T. ) ;
#446 = VERTEX_POINT ( 'NONE', #1335 ) ;
#447 = VERTEX_POINT ( 'NONE', #2050 ) ;
#448 = LINE ( 'NONE', #83, #478 ) ;
#449 = DIRECTION ( 'NONE',  ( -0.000000000000000000, -0.000000000000000000, 1.000000000000000000 ) ) ;
#450 = CARTESIAN_POINT ( 'NONE',  ( -258.4636485081563251, -109.6507841373919376, 145.0000000000000000 ) ) ;
#451 = CARTESIAN_POINT ( 'NONE',  ( -286.0992284691789678, 8.075092849886148727, 145.0000000000000000 ) ) ;
#452 = VECTOR ( 'NONE', #366, 1000.000000000000000 ) ;
#453 = DIRECTION ( 'NONE',  ( -0.000000000000000000, -0.000000000000000000, 1.000000000000000000 ) ) ;
#454 = VECTOR ( 'NONE', #613, 1000.000000000000000 ) ;
#455 = LINE ( 'NONE', #2219, #603 ) ;
#456 = ORIENTED_EDGE ( 'NONE', *, *, #1247, .T. ) ;
#457 = CIRCLE ( 'NONE', #2031, 19.99999999999998934 ) ;
#458 = ORIENTED_EDGE ( 'NONE', *, *, #1704, .T. ) ;
#459 = CARTESIAN_POINT ( 'NONE',  ( -278.2827665236803796, -67.72970515408016468, 145.0000000000000000 ) ) ;
#460 = EDGE_CURVE ( 'NONE', #1408, #1693, #1385, .T. ) ;
#461 = CARTESIAN_POINT ( 'NONE',  ( -346.0992284691789678, 24.07509284988614695, 5.000000000000000000 ) ) ;
#462 = CARTESIAN_POINT ( 'NONE',  ( -286.0992284691790246, 24.07509284988615406, 5.000000000000000000 ) ) ;
#463 = CARTESIAN_POINT ( 'NONE',  ( -152.6192284691789496, 15.58509284988615207, 5.000000000000000000 ) ) ;
#464 = DIRECTION ( 'NONE',  ( 1.000000000000000000, 0.000000000000000000, 0.000000000000000000 ) ) ;
#465 = ORIENTED_EDGE ( 'NONE', *, *, #1245, .T. ) ;
#466 = EDGE_LOOP ( 'NONE', ( #242, #1731, #328, #2200 ) ) ;
#467 = CARTESIAN_POINT ( 'NONE',  ( -286.0992284691789678, 24.07509284988614695, 145.0000000000000000 ) ) ;
#468 = VECTOR ( 'NONE', #1404, 1000.000000000000000 ) ;
#469 = PLANE ( 'NONE',  #2075 ) ;
#470 = CARTESIAN_POINT ( 'NONE',  ( -286.0992284691789678, 14.07509284988614873, 150.0000000000000000 ) ) ;
#471 = EDGE_CURVE ( 'NONE', #1215, #1734, #817, .T. ) ;
#472 = LINE ( 'NONE', #302, #2251 ) ;
#473 = EDGE_CURVE ( 'NONE', #433, #1739, #388, .T. ) ;
#474 = ORIENTED_EDGE ( 'NONE', *, *, #1444, .T. ) ;
#475 = DIRECTION ( 'NONE',  ( 0.000000000000000000, 0.000000000000000000, 1.000000000000000000 ) ) ;
#476 = ORIENTED_EDGE ( 'NONE', *, *, #477, .F. ) ;
#477 = EDGE_CURVE ( 'NONE', #610, #5, #117, .T. ) ;
#478 = VECTOR ( 'NONE', #1802, 1000.000000000000000 ) ;
#479 = ORIENTED_EDGE ( 'NONE', *, *, #1891, .T. ) ;
#480 = ORIENTED_EDGE ( 'NONE', *, *, #2006, .T. ) ;
#481 = CIRCLE ( 'NONE', #1761, 5.000000000000004441 ) ;
#482 = CARTESIAN_POINT ( 'NONE',  ( -152.6192284691788927, -134.4149071501139190, 5.000000000000000000 ) ) ;
#483 = DIRECTION ( 'NONE',  ( -0.000000000000000000, 1.000000000000000000, 0.000000000000000000 ) ) ;
#484 = DIRECTION ( 'NONE',  ( 0.000000000000000000, 1.000000000000000000, 0.000000000000000000 ) ) ;
#485 = CYLINDRICAL_SURFACE ( 'NONE', #1493, 5.000000000000004441 ) ;
#486 = LINE ( 'NONE', #865, #2279 ) ;
#487 = DIRECTION ( 'NONE',  ( 0.000000000000000000, 0.000000000000000000, -1.000000000000000000 ) ) ;
#488 = ORIENTED_EDGE ( 'NONE', *, *, #1796, .T. ) ;
#489 = VERTEX_POINT ( 'NONE', #663 ) ;
#490 = ORIENTED_EDGE ( 'NONE', *, *, #712, .F. ) ;
#491 = VECTOR ( 'NONE', #487, 1000.000000000000000 ) ;
#492 = AXIS2_PLACEMENT_3D ( 'NONE', #2253, #1220, #1015 ) ;
#493 = FACE_OUTER_BOUND ( 'NONE', #2265, .T. ) ;
#494 = ORIENTED_EDGE ( 'NONE', *, *, #309, .F. ) ;
#495 = PRODUCT ( 'rear wing (attack angles)', 'rear wing (attack angles)', '', ( #560 ) ) ;
#496 = DIRECTION ( 'NONE',  ( -1.000000000000000000, -0.000000000000000000, -0.000000000000000000 ) ) ;
#497 = CARTESIAN_POINT ( 'NONE',  ( -286.0992284691790246, -5.924907150113845056, 5.000000000000000000 ) ) ;
#498 = ORIENTED_EDGE ( 'NONE', *, *, #774, .T. ) ;
#499 = CARTESIAN_POINT ( 'NONE',  ( -286.0992284691789678, 8.075092849886148727, 5.000000000000000000 ) ) ;
#500 = ORIENTED_EDGE ( 'NONE', *, *, #435, .T. ) ;
#501 = ORIENTED_EDGE ( 'NONE', *, *, #1903, .F. ) ;
#502 = AXIS2_PLACEMENT_3D ( 'NONE', #2089, #511, #166 ) ;
#503 = VECTOR ( 'NONE', #1164, 1000.000000000000000 ) ;
#504 = ORIENTED_EDGE ( 'NONE', *, *, #1034, .T. ) ;
#505 = EDGE_CURVE ( 'NONE', #1963, #938, #1358, .T. ) ;
#506 = ADVANCED_FACE ( 'NONE', ( #1536 ), #2223, .T. ) ;
#507 = LINE ( 'NONE', #482, #869 ) ;
#508 = EDGE_CURVE ( 'NONE', #113, #1226, #1724, .T. ) ;
#509 = CARTESIAN_POINT ( 'NONE',  ( -278.2827665236803796, -67.72970515408016468, 75.00000000000001421 ) ) ;
#510 = VECTOR ( 'NONE', #1528, 1000.000000000000000 ) ;
#511 = DIRECTION ( 'NONE',  ( -0.000000000000000000, -0.000000000000000000, -1.000000000000000000 ) ) ;
#512 = ORIENTED_EDGE ( 'NONE', *, *, #1662, .T. ) ;
#513 = CARTESIAN_POINT ( 'NONE',  ( -286.0992284691789678, -5.924907150113859267, 145.0000000000000000 ) ) ;
#514 = EDGE_LOOP ( 'NONE', ( #892, #751, #1719, #2063 ) ) ;
#515 = VECTOR ( 'NONE', #427, 1000.000000000000000 ) ;
#516 = VERTEX_POINT ( 'NONE', #2248 ) ;
#517 = DIRECTION ( 'NONE',  ( -1.000000000000000000, 0.000000000000000000, 0.000000000000000000 ) ) ;
#518 = DIRECTION ( 'NONE',  ( 1.000000000000000000, -1.734723475976807094E-16, -0.000000000000000000 ) ) ;
#519 = DIRECTION ( 'NONE',  ( 0.000000000000000000, 0.000000000000000000, 1.000000000000000000 ) ) ;
#520 = PLANE ( 'NONE',  #1481 ) ;
#521 = FACE_OUTER_BOUND ( 'NONE', #627, .T. ) ;
#522 = ORIENTED_EDGE ( 'NONE', *, *, #477, .T. ) ;
#523 = ORIENTED_EDGE ( 'NONE', *, *, #1628, .T. ) ;
#524 = VECTOR ( 'NONE', #1329, 1000.000000000000000 ) ;
#525 = CARTESIAN_POINT ( 'NONE',  ( -286.0992284691789678, 14.07509284988614873, 145.0000000000000000 ) ) ;
#526 = FACE_OUTER_BOUND ( 'NONE', #1647, .T. ) ;
#527 = CARTESIAN_POINT ( 'NONE',  ( -372.6192284691789496, 15.58509284988600285, 145.0000000000000000 ) ) ;
#528 = EDGE_CURVE ( 'NONE', #2049, #1378, #1880, .T. ) ;
#529 = DIRECTION ( 'NONE',  ( 0.000000000000000000, 0.000000000000000000, 1.000000000000000000 ) ) ;
#530 = CARTESIAN_POINT ( 'NONE',  ( -286.0992284691789678, -11.92490715011385660, 145.0000000000000000 ) ) ;
#531 = ORIENTED_EDGE ( 'NONE', *, *, #853, .T. ) ;
#532 = ADVANCED_FACE ( 'NONE', ( #1380 ), #1524, .T. ) ;
#533 = ORIENTED_EDGE ( 'NONE', *, *, #1245, .F. ) ;
#534 = LINE ( 'NONE', #1911, #252 ) ;
#535 = DIRECTION ( 'NONE',  ( 1.000000000000000000, 0.000000000000000000, 0.000000000000000000 ) ) ;
#536 = LINE ( 'NONE', #1424, #1383 ) ;
#537 = CARTESIAN_POINT ( 'NONE',  ( -239.6521571546024916, -66.82272433320854077, 60.00000000000000000 ) ) ;
#538 = FACE_OUTER_BOUND ( 'NONE', #899, .T. ) ;
#539 = ORIENTED_EDGE ( 'NONE', *, *, #2171, .F. ) ;
#540 = ADVANCED_FACE ( 'NONE', ( #493 ), #1869, .T. ) ;
#541 = EDGE_CURVE ( 'NONE', #1178, #985, #507, .T. ) ;
#542 = VECTOR ( 'NONE', #2270, 1000.000000000000000 ) ;
#543 = ORIENTED_EDGE ( 'NONE', *, *, #803, .T. ) ;
#544 = CARTESIAN_POINT ( 'NONE',  ( -372.6192284691790064, -134.4149071501138906, 145.0000000000000000 ) ) ;
#545 = DIRECTION ( 'NONE',  ( 1.000000000000000000, 0.000000000000000000, 0.000000000000000000 ) ) ;
#546 = DIRECTION ( 'NONE',  ( -0.000000000000000000, -0.000000000000000000, -1.000000000000000000 ) ) ;
#547 = CARTESIAN_POINT ( 'NONE',  ( -286.0992284691789678, 24.07509284988614695, 150.0000000000000000 ) ) ;
#548 = DIRECTION ( 'NONE',  ( 1.000000000000000000, 0.000000000000000000, -0.000000000000000000 ) ) ;
#549 = EDGE_LOOP ( 'NONE', ( #25, #307, #1085, #764 ) ) ;
#550 = EDGE_LOOP ( 'NONE', ( #729, #1168, #24, #14 ) ) ;
#551 = LINE ( 'NONE', #2176, #880 ) ;
#552 = ORIENTED_EDGE ( 'NONE', *, *, #1462, .F. ) ;
#553 = DIRECTION ( 'NONE',  ( 0.000000000000000000, 0.000000000000000000, 1.000000000000000000 ) ) ;
#554 = VECTOR ( 'NONE', #1720, 1000.000000000000000 ) ;
#555 = ADVANCED_FACE ( 'NONE', ( #1185 ), #1011, .T. ) ;
#556 = VECTOR ( 'NONE', #1858, 1000.000000000000000 ) ;
#557 = CARTESIAN_POINT ( 'NONE',  ( -286.0992284691789678, -11.92490715011385660, 5.000000000000000000 ) ) ;
#558 = DIRECTION ( 'NONE',  ( -1.000000000000000000, 0.000000000000000000, 0.000000000000000000 ) ) ;
#559 = VECTOR ( 'NONE', #810, 1000.000000000000000 ) ;
#560 = PRODUCT_CONTEXT ( 'NONE', #1090, 'mechanical' ) ;
#561 = DIRECTION ( 'NONE',  ( 0.000000000000000000, 0.000000000000000000, -1.000000000000000000 ) ) ;
#562 = DIRECTION ( 'NONE',  ( -0.000000000000000000, 0.000000000000000000, -1.000000000000000000 ) ) ;
#563 = ORIENTED_EDGE ( 'NONE', *, *, #954, .T. ) ;
#564 = ORIENTED_EDGE ( 'NONE', *, *, #263, .T. ) ;
#565 = DIRECTION ( 'NONE',  ( -1.000000000000000000, 0.000000000000000000, 0.000000000000000000 ) ) ;
#566 = ORIENTED_EDGE ( 'NONE', *, *, #2020, .T. ) ;
#567 = EDGE_LOOP ( 'NONE', ( #296, #494, #2045, #126 ) ) ;
#568 = EDGE_LOOP ( 'NONE', ( #2234, #1376, #1193, #1224 ) ) ;
#569 = LINE ( 'NONE', #1984, #1650 ) ;
#570 = EDGE_CURVE ( 'NONE', #1782, #1795, #1764, .T. ) ;
#571 = EDGE_CURVE ( 'NONE', #406, #1233, #653, .T. ) ;
#572 = AXIS2_PLACEMENT_3D ( 'NONE', #1665, #1469, #1989 ) ;
#573 = EDGE_CURVE ( 'NONE', #489, #1669, #534, .T. ) ;
#574 = DIRECTION ( 'NONE',  ( -1.000000000000000000, 0.000000000000000000, 0.000000000000000000 ) ) ;
#575 = CARTESIAN_POINT ( 'NONE',  ( -372.6192284691790064, -74.41490715011389057, 5.000000000000000000 ) ) ;
#576 = AXIS2_PLACEMENT_3D ( 'NONE', #989, #1857, #1198 ) ;
#577 = DIRECTION ( 'NONE',  ( 1.000000000000000000, 0.000000000000000000, 0.000000000000000000 ) ) ;
#578 = LINE ( 'NONE', #1406, #72 ) ;
#579 = DIRECTION ( 'NONE',  ( 0.000000000000000000, 0.000000000000000000, 1.000000000000000000 ) ) ;
#580 = ORIENTED_EDGE ( 'NONE', *, *, #1727, .F. ) ;
#581 = ORIENTED_EDGE ( 'NONE', *, *, #1587, .F. ) ;
#582 = FACE_BOUND ( 'NONE', #54, .T. ) ;
#583 = DIRECTION ( 'NONE',  ( 1.000000000000000000, 0.000000000000000000, 0.000000000000000000 ) ) ;
#584 = EDGE_LOOP ( 'NONE', ( #871, #2092, #69, #1108 ) ) ;
#585 = AXIS2_PLACEMENT_3D ( 'NONE', #830, #2053, #1339 ) ;
#586 = ORIENTED_EDGE ( 'NONE', *, *, #1221, .T. ) ;
#587 = FACE_OUTER_BOUND ( 'NONE', #437, .T. ) ;
#588 = DIRECTION ( 'NONE',  ( -0.000000000000000000, -0.000000000000000000, -1.000000000000000000 ) ) ;
#589 = DIRECTION ( 'NONE',  ( -0.000000000000000000, 1.000000000000000000, 0.000000000000000000 ) ) ;
#590 = AXIS2_PLACEMENT_3D ( 'NONE', #73, #1120, #1815 ) ;
#591 = LINE ( 'NONE', #2215, #556 ) ;
#592 = DIRECTION ( 'NONE',  ( -0.000000000000000000, -0.000000000000000000, 1.000000000000000000 ) ) ;
#593 = DIRECTION ( 'NONE',  ( -0.000000000000000000, -0.000000000000000000, 1.000000000000000000 ) ) ;
#594 = VERTEX_POINT ( 'NONE', #1753 ) ;
#595 = VERTEX_POINT ( 'NONE', #2127 ) ;
#596 = VECTOR ( 'NONE', #1579, 1000.000000000000000 ) ;
#597 = VERTEX_POINT ( 'NONE', #1954 ) ;
#598 = VECTOR ( 'NONE', #1961, 1000.000000000000000 ) ;
#599 = PLANE ( 'NONE',  #2085 ) ;
#600 = PLANE ( 'NONE',  #1670 ) ;
#601 = LINE ( 'NONE', #1684, #859 ) ;
#602 = FACE_OUTER_BOUND ( 'NONE', #1545, .T. ) ;
#603 = VECTOR ( 'NONE', #667, 1000.000000000000000 ) ;
#604 = EDGE_CURVE ( 'NONE', #881, #594, #1575, .T. ) ;
#605 = CARTESIAN_POINT ( 'NONE',  ( -346.0992284691789678, -5.924907150113859267, 0.000000000000000000 ) ) ;
#606 = EDGE_CURVE ( 'NONE', #1388, #708, #1942, .T. ) ;
#607 = ORIENTED_EDGE ( 'NONE', *, *, #331, .T. ) ;
#608 = ADVANCED_FACE ( 'NONE', ( #385 ), #7, .T. ) ;
#609 = VERTEX_POINT ( 'NONE', #173 ) ;
#610 = VERTEX_POINT ( 'NONE', #2114 ) ;
#611 = DIRECTION ( 'NONE',  ( 0.000000000000000000, -1.000000000000000000, 0.000000000000000000 ) ) ;
#612 = FACE_OUTER_BOUND ( 'NONE', #752, .T. ) ;
#613 = DIRECTION ( 'NONE',  ( 0.000000000000000000, 1.000000000000000000, 0.000000000000000000 ) ) ;
#614 = DIRECTION ( 'NONE',  ( 1.000000000000000000, 3.469446951953617270E-17, 0.000000000000000000 ) ) ;
#615 = DIRECTION ( 'NONE',  ( 0.000000000000000000, 0.000000000000000000, 1.000000000000000000 ) ) ;
#616 = DIRECTION ( 'NONE',  ( 0.000000000000000000, -0.000000000000000000, 1.000000000000000000 ) ) ;
#617 = ORIENTED_EDGE ( 'NONE', *, *, #1890, .F. ) ;
#618 = AXIS2_PLACEMENT_3D ( 'NONE', #1371, #2067, #1199 ) ;
#619 = ORIENTED_EDGE ( 'NONE', *, *, #234, .T. ) ;
#620 = DIRECTION ( 'NONE',  ( -0.9999244370625416378, 0.01229309420606764652, 0.000000000000000000 ) ) ;
#621 = LINE ( 'NONE', #1152, #709 ) ;
#622 = CARTESIAN_POINT ( 'NONE',  ( -346.0992284691789678, 14.07509284988614873, 150.0000000000000000 ) ) ;
#623 = CARTESIAN_POINT ( 'NONE',  ( -132.6192284691789496, 15.58509284988615740, 150.0000000000000000 ) ) ;
#624 = DIRECTION ( 'NONE',  ( 0.000000000000000000, 0.000000000000000000, -1.000000000000000000 ) ) ;
#625 = DIRECTION ( 'NONE',  ( 0.000000000000000000, 0.000000000000000000, 1.000000000000000000 ) ) ;
#626 = ORIENTED_EDGE ( 'NONE', *, *, #1691, .T. ) ;
#627 = EDGE_LOOP ( 'NONE', ( #1474, #322, #18, #1996 ) ) ;
#628 = ADVANCED_FACE ( 'NONE', ( #1403 ), #862, .T. ) ;
#629 = DIRECTION ( 'NONE',  ( -0.000000000000000000, -0.000000000000000000, 1.000000000000000000 ) ) ;
#630 = ADVANCED_FACE ( 'NONE', ( #1393, #1411, #2259, #1216, #1744, #698, #731, #2094 ), #873, .F. ) ;
#631 = FACE_OUTER_BOUND ( 'NONE', #380, .T. ) ;
#632 = DIRECTION ( 'NONE',  ( -0.000000000000000000, -0.000000000000000000, -1.000000000000000000 ) ) ;
#633 = LINE ( 'NONE', #605, #677 ) ;
#634 = AXIS2_PLACEMENT_3D ( 'NONE', #775, #759, #1468 ) ;
#635 = MECHANICAL_DESIGN_GEOMETRIC_PRESENTATION_REPRESENTATION (  '', ( #969 ), #676 ) ;
#636 = CARTESIAN_POINT ( 'NONE',  ( -239.6521571546024916, -66.82272433320854077, 90.00000000000000000 ) ) ;
#637 = ORIENTED_EDGE ( 'NONE', *, *, #1835, .T. ) ;
#638 = AXIS2_PLACEMENT_3D ( 'NONE', #168, #548, #1613 ) ;
#639 = ORIENTED_EDGE ( 'NONE', *, *, #1391, .F. ) ;
#640 = EDGE_CURVE ( 'NONE', #1812, #1442, #1228, .T. ) ;
#641 = DIRECTION ( 'NONE',  ( 0.000000000000000000, 0.000000000000000000, 1.000000000000000000 ) ) ;
#642 = EDGE_CURVE ( 'NONE', #1212, #1812, #1923, .T. ) ;
#643 = EDGE_CURVE ( 'NONE', #415, #2081, #351, .T. ) ;
#644 = LINE ( 'NONE', #1348, #1504 ) ;
#645 = CARTESIAN_POINT ( 'NONE',  ( -372.6192284691789496, 15.58509284988600285, 150.0000000000000000 ) ) ;
#646 = DIRECTION ( 'NONE',  ( 1.000000000000000000, 0.000000000000000000, 0.000000000000000000 ) ) ;
#647 = ORIENTED_EDGE ( 'NONE', *, *, #604, .T. ) ;
#648 = LINE ( 'NONE', #683, #2180 ) ;
#649 = ORIENTED_EDGE ( 'NONE', *, *, #1501, .F. ) ;
#650 = ORIENTED_EDGE ( 'NONE', *, *, #1461, .F. ) ;
#651 = VERTEX_POINT ( 'NONE', #1775 ) ;
#652 = DIRECTION ( 'NONE',  ( -1.000000000000000000, -0.000000000000000000, -0.000000000000000000 ) ) ;
#653 = CIRCLE ( 'NONE', #840, 60.00000000000005684 ) ;
#654 = VECTOR ( 'NONE', #2034, 1000.000000000000000 ) ;
#655 = CARTESIAN_POINT ( 'NONE',  ( -253.4636485081563251, -109.6507841373919376, 90.00000000000000000 ) ) ;
#656 = CYLINDRICAL_SURFACE ( 'NONE', #908, 49.99999999999998579 ) ;
#657 = LINE ( 'NONE', #1548, #1076 ) ;
#658 = CARTESIAN_POINT ( 'NONE',  ( -286.0992284691789678, -5.924907150113859267, 5.000000000000000000 ) ) ;
#659 = CARTESIAN_POINT ( 'NONE',  ( -286.0992284691789678, 18.07509284988614695, 145.0000000000000000 ) ) ;
#660 = ORIENTED_EDGE ( 'NONE', *, *, #508, .F. ) ;
#661 = VERTEX_POINT ( 'NONE', #1073 ) ;
#662 = ORIENTED_EDGE ( 'NONE', *, *, #939, .F. ) ;
#663 = CARTESIAN_POINT ( 'NONE',  ( -286.0992284691789678, -5.924907150113859267, 150.0000000000000000 ) ) ;
#664 = CARTESIAN_POINT ( 'NONE',  ( -372.6192284691790064, -134.4149071501138906, 5.000000000000000000 ) ) ;
#665 = DIRECTION ( 'NONE',  ( 0.000000000000000000, 0.000000000000000000, 1.000000000000000000 ) ) ;
#666 = DIRECTION ( 'NONE',  ( 0.000000000000000000, 0.000000000000000000, -1.000000000000000000 ) ) ;
#667 = DIRECTION ( 'NONE',  ( 0.000000000000000000, 0.000000000000000000, -1.000000000000000000 ) ) ;
#668 = ORIENTED_EDGE ( 'NONE', *, *, #1218, .T. ) ;
#669 = ORIENTED_EDGE ( 'NONE', *, *, #44, .F. ) ;
#670 = EDGE_CURVE ( 'NONE', #2005, #319, #884, .T. ) ;
#671 = ORIENTED_EDGE ( 'NONE', *, *, #528, .T. ) ;
#672 = ADVANCED_FACE ( 'NONE', ( #1248 ), #198, .T. ) ;
#673 = CIRCLE ( 'NONE', #1443, 49.99999999999998579 ) ;
#674 = EDGE_CURVE ( 'NONE', #1212, #1899, #1609, .T. ) ;
#675 = ORIENTED_EDGE ( 'NONE', *, *, #2229, .F. ) ;
#676 =( GEOMETRIC_REPRESENTATION_CONTEXT ( 3 ) GLOBAL_UNCERTAINTY_ASSIGNED_CONTEXT ( ( #1274 ) ) GLOBAL_UNIT_ASSIGNED_CONTEXT ( ( #423, #2163, #235 ) ) REPRESENTATION_CONTEXT ( 'NONE', 'WORKASPACE' ) );
#677 = VECTOR ( 'NONE', #2035, 1000.000000000000000 ) ;
#678 = DIRECTION ( 'NONE',  ( -1.000000000000000000, 0.000000000000000000, 0.000000000000000000 ) ) ;
#679 = VERTEX_POINT ( 'NONE', #756 ) ;
#680 = CARTESIAN_POINT ( 'NONE',  ( -346.0992284691789678, 18.07509284988614695, 0.000000000000000000 ) ) ;
#681 = DIRECTION ( 'NONE',  ( 6.167905692361988450E-16, 1.000000000000000000, 0.000000000000000000 ) ) ;
#682 = ORIENTED_EDGE ( 'NONE', *, *, #1690, .F. ) ;
#683 = CARTESIAN_POINT ( 'NONE',  ( -286.0992284691789678, 24.07509284988614695, 5.000000000000000000 ) ) ;
#684 = EDGE_LOOP ( 'NONE', ( #1894, #695, #1441, #2151 ) ) ;
#685 = VECTOR ( 'NONE', #546, 1000.000000000000000 ) ;
#686 = VECTOR ( 'NONE', #1001, 1000.000000000000000 ) ;
#687 = VERTEX_POINT ( 'NONE', #2167 ) ;
#688 = CARTESIAN_POINT ( 'NONE',  ( -346.0992284691789678, 14.07509284988614873, 5.000000000000000000 ) ) ;
#689 = LINE ( 'NONE', #352, #690 ) ;
#690 = VECTOR ( 'NONE', #2283, 1000.000000000000000 ) ;
#691 = CARTESIAN_POINT ( 'NONE',  ( -253.4636485081563251, -109.6507841373919376, 60.00000000000000000 ) ) ;
#692 = CARTESIAN_POINT ( 'NONE',  ( -239.6521571546024916, -66.82272433320854077, 145.0000000000000000 ) ) ;
#693 = FACE_OUTER_BOUND ( 'NONE', #2105, .T. ) ;
#694 = ORIENTED_EDGE ( 'NONE', *, *, #1496, .T. ) ;
#695 = ORIENTED_EDGE ( 'NONE', *, *, #2122, .T. ) ;
#696 = AXIS2_PLACEMENT_3D ( 'NONE', #1836, #1308, #2155 ) ;
#697 = ORIENTED_EDGE ( 'NONE', *, *, #1218, .F. ) ;
#698 = FACE_BOUND ( 'NONE', #1096, .T. ) ;
#699 = EDGE_CURVE ( 'NONE', #1948, #1941, #56, .T. ) ;
#700 = VECTOR ( 'NONE', #1965, 1000.000000000000000 ) ;
#701 = EDGE_CURVE ( 'NONE', #2246, #835, #1646, .T. ) ;
#702 = DIRECTION ( 'NONE',  ( 0.000000000000000000, 0.000000000000000000, -1.000000000000000000 ) ) ;
#703 = CARTESIAN_POINT ( 'NONE',  ( -253.4636485081563251, -109.6507841373919376, 60.00000000000000000 ) ) ;
#704 = LINE ( 'NONE', #1057, #1065 ) ;
#705 = PLANE ( 'NONE',  #340 ) ;
#706 = ORIENTED_EDGE ( 'NONE', *, *, #1598, .T. ) ;
#707 = ORIENTED_EDGE ( 'NONE', *, *, #116, .F. ) ;
#708 = VERTEX_POINT ( 'NONE', #2153 ) ;
#709 = VECTOR ( 'NONE', #449, 1000.000000000000000 ) ;
#710 = DIRECTION ( 'NONE',  ( -1.000000000000000000, 0.000000000000000000, 0.000000000000000000 ) ) ;
#711 = ADVANCED_FACE ( 'NONE', ( #587 ), #1788, .T. ) ;
#712 = EDGE_CURVE ( 'NONE', #1455, #825, #926, .T. ) ;
#713 = DIRECTION ( 'NONE',  ( -1.000000000000000000, 0.000000000000000000, 0.000000000000000000 ) ) ;
#714 = FACE_OUTER_BOUND ( 'NONE', #684, .T. ) ;
#715 = PLANE ( 'NONE',  #341 ) ;
#716 = FACE_BOUND ( 'NONE', #101, .T. ) ;
#717 = ORIENTED_EDGE ( 'NONE', *, *, #2097, .F. ) ;
#718 = ORIENTED_EDGE ( 'NONE', *, *, #1588, .F. ) ;
#719 = DIRECTION ( 'NONE',  ( 0.000000000000000000, -0.000000000000000000, 1.000000000000000000 ) ) ;
#720 = DIRECTION ( 'NONE',  ( -0.000000000000000000, -0.000000000000000000, -1.000000000000000000 ) ) ;
#721 = DIRECTION ( 'NONE',  ( -0.000000000000000000, -0.000000000000000000, -1.000000000000000000 ) ) ;
#722 = CARTESIAN_POINT ( 'NONE',  ( -346.0992284691789678, -1.924907150113855270, 5.000000000000000000 ) ) ;
#723 = PLANE ( 'NONE',  #638 ) ;
#724 = ORIENTED_EDGE ( 'NONE', *, *, #1588, .T. ) ;
#725 = ORIENTED_EDGE ( 'NONE', *, *, #1128, .F. ) ;
#726 = VECTOR ( 'NONE', #1053, 1000.000000000000000 ) ;
#727 = LINE ( 'NONE', #1439, #1696 ) ;
#728 = ADVANCED_FACE ( 'NONE', ( #941 ), #1116, .T. ) ;
#729 = ORIENTED_EDGE ( 'NONE', *, *, #640, .T. ) ;
#730 = EDGE_LOOP ( 'NONE', ( #963, #425, #15, #1845 ) ) ;
#731 = FACE_BOUND ( 'NONE', #50, .T. ) ;
#732 = LINE ( 'NONE', #1745, #2266 ) ;
#733 = PLANE ( 'NONE',  #1779 ) ;
#734 = DIRECTION ( 'NONE',  ( 1.000000000000000000, 0.000000000000000000, 0.000000000000000000 ) ) ;
#735 = DIRECTION ( 'NONE',  ( 1.000000000000000000, 0.000000000000000000, 0.000000000000000000 ) ) ;
#736 = ORIENTED_EDGE ( 'NONE', *, *, #773, .F. ) ;
#737 = ORIENTED_EDGE ( 'NONE', *, *, #1956, .T. ) ;
#738 = CARTESIAN_POINT ( 'NONE',  ( -352.6192284691788359, 35.58509284988614496, 5.000000000000000000 ) ) ;
#739 = EDGE_CURVE ( 'NONE', #1398, #212, #569, .T. ) ;
#740 = VERTEX_POINT ( 'NONE', #1102 ) ;
#741 = EDGE_CURVE ( 'NONE', #212, #1374, #1578, .T. ) ;
#742 = VERTEX_POINT ( 'NONE', #1635 ) ;
#743 = ADVANCED_FACE ( 'NONE', ( #1273 ), #1476, .F. ) ;
#744 = ORIENTED_EDGE ( 'NONE', *, *, #2123, .F. ) ;
#745 = DIRECTION ( 'NONE',  ( -0.000000000000000000, 1.000000000000000000, 0.000000000000000000 ) ) ;
#746 = VECTOR ( 'NONE', #2021, 1000.000000000000000 ) ;
#747 = CARTESIAN_POINT ( 'NONE',  ( -346.0992284691789678, -1.924907150113855270, 150.0000000000000000 ) ) ;
#748 = VECTOR ( 'NONE', #1962, 1000.000000000000000 ) ;
#749 = CARTESIAN_POINT ( 'NONE',  ( -286.0992284691789678, 4.075092849886146062, 150.0000000000000000 ) ) ;
#750 = CARTESIAN_POINT ( 'NONE',  ( -346.0992284691789678, -11.92490715011385660, 150.0000000000000000 ) ) ;
#751 = ORIENTED_EDGE ( 'NONE', *, *, #1049, .F. ) ;
#752 = EDGE_LOOP ( 'NONE', ( #236, #934, #1922, #1427 ) ) ;
#753 = CARTESIAN_POINT ( 'NONE',  ( -346.0992284691789678, 8.075092849886148727, 145.0000000000000000 ) ) ;
#754 = VERTEX_POINT ( 'NONE', #1827 ) ;
#755 = ORIENTED_EDGE ( 'NONE', *, *, #1361, .T. ) ;
#756 = CARTESIAN_POINT ( 'NONE',  ( -352.6192284691788359, 35.58509284988614496, 145.0000000000000000 ) ) ;
#757 = CARTESIAN_POINT ( 'NONE',  ( -346.0992284691789678, -1.924907150113855270, 145.0000000000000000 ) ) ;
#758 = CARTESIAN_POINT ( 'NONE',  ( -346.0992284691789678, 18.07509284988614695, 5.000000000000000000 ) ) ;
#759 = DIRECTION ( 'NONE',  ( -0.01229309420606764652, -0.9999244370625416378, 0.000000000000000000 ) ) ;
#760 = LINE ( 'NONE', #1640, #1458 ) ;
#761 = ORIENTED_EDGE ( 'NONE', *, *, #294, .T. ) ;
#762 = CARTESIAN_POINT ( 'NONE',  ( -372.6192284691790064, -74.41490715011389057, 5.000000000000000000 ) ) ;
#763 = CARTESIAN_POINT ( 'NONE',  ( -346.0992284691789678, 14.07509284988614517, 0.000000000000000000 ) ) ;
#764 = ORIENTED_EDGE ( 'NONE', *, *, #2061, .T. ) ;
#765 = VECTOR ( 'NONE', #342, 1000.000000000000000 ) ;
#766 = AXIS2_PLACEMENT_3D ( 'NONE', #664, #632, #1360 ) ;
#767 = ORIENTED_EDGE ( 'NONE', *, *, #1012, .F. ) ;
#768 = DIRECTION ( 'NONE',  ( -0.000000000000000000, -0.000000000000000000, 1.000000000000000000 ) ) ;
#769 = ORIENTED_EDGE ( 'NONE', *, *, #643, .F. ) ;
#770 = EDGE_CURVE ( 'NONE', #329, #516, #944, .T. ) ;
#771 = DIRECTION ( 'NONE',  ( 0.000000000000000000, -1.000000000000000000, 0.000000000000000000 ) ) ;
#772 = PLANE ( 'NONE',  #2249 ) ;
#773 = EDGE_CURVE ( 'NONE', #1473, #1812, #448, .T. ) ;
#774 = EDGE_CURVE ( 'NONE', #915, #881, #1986, .T. ) ;
#775 = CARTESIAN_POINT ( 'NONE',  ( -253.4021830371259796, -104.6511619520792209, 90.00000000000000000 ) ) ;
#776 = DIRECTION ( 'NONE',  ( -0.000000000000000000, 1.000000000000000000, -0.000000000000000000 ) ) ;
#777 = DIRECTION ( 'NONE',  ( -0.000000000000000000, -0.000000000000000000, -1.000000000000000000 ) ) ;
#778 = VECTOR ( 'NONE', #1332, 1000.000000000000000 ) ;
#779 = PLANE ( 'NONE',  #114 ) ;
#780 = ORIENTED_EDGE ( 'NONE', *, *, #1778, .T. ) ;
#781 = ORIENTED_EDGE ( 'NONE', *, *, #295, .T. ) ;
#782 = CLOSED_SHELL ( 'NONE', ( #402, #555, #2258, #1142, #2157, #955, #1674, #321, #1535, #1563, #1325, #940, #983, #1860, #1930, #711, #16, #841, #2059, #1852, #506, #1824, #1051, #373, #87, #1050, #1955, #1990, #1278, #360, #1730, #160, #161, #1295, #1560, #971, #1752, #1181, #1826, #2204, #630, #2202, #1075, #743, #628, #130, #672, #1379, #1929, #1217, #1091, #10, #1447, #786, #267, #845, #814, #728, #540, #981, #436, #1363, #2201, #1300, #532, #608, #1390, #1706, #332, #1009 ) ) ;
#783 = ORIENTED_EDGE ( 'NONE', *, *, #2062, .F. ) ;
#784 = CARTESIAN_POINT ( 'NONE',  ( -346.0992284691789678, -5.924907150113859267, 5.000000000000000000 ) ) ;
#785 = CARTESIAN_POINT ( 'NONE',  ( -346.0992284691789678, -1.924907150113855270, 5.000000000000000000 ) ) ;
#786 = ADVANCED_FACE ( 'NONE', ( #45 ), #2169, .T. ) ;
#787 = DIRECTION ( 'NONE',  ( 1.000000000000000000, 0.000000000000000000, -0.000000000000000000 ) ) ;
#788 = LINE ( 'NONE', #443, #210 ) ;
#789 = VECTOR ( 'NONE', #1816, 1000.000000000000000 ) ;
#790 = CARTESIAN_POINT ( 'NONE',  ( -372.6192284691790064, -134.4149071501138906, 145.0000000000000000 ) ) ;
#791 = VECTOR ( 'NONE', #324, 1000.000000000000000 ) ;
#792 = LINE ( 'NONE', #411, #1004 ) ;
#793 = ORIENTED_EDGE ( 'NONE', *, *, #606, .T. ) ;
#794 = ORIENTED_EDGE ( 'NONE', *, *, #362, .F. ) ;
#795 = DIRECTION ( 'NONE',  ( 0.000000000000000000, -1.000000000000000000, 0.000000000000000000 ) ) ;
#796 = DIRECTION ( 'NONE',  ( -0.000000000000000000, -0.000000000000000000, -1.000000000000000000 ) ) ;
#797 = VECTOR ( 'NONE', #1239, 1000.000000000000000 ) ;
#798 = VECTOR ( 'NONE', #641, 1000.000000000000000 ) ;
#799 = DIRECTION ( 'NONE',  ( -0.9063077870366491595, -0.4226182617407009956, 0.000000000000000000 ) ) ;
#800 = FACE_OUTER_BOUND ( 'NONE', #815, .T. ) ;
#801 = CARTESIAN_POINT ( 'NONE',  ( -286.0992284691789678, 18.07509284988614695, 145.0000000000000000 ) ) ;
#802 = VERTEX_POINT ( 'NONE', #1465 ) ;
#803 = EDGE_CURVE ( 'NONE', #802, #1357, #416, .T. ) ;
#804 = VECTOR ( 'NONE', #496, 1000.000000000000000 ) ;
#805 = ORIENTED_EDGE ( 'NONE', *, *, #939, .T. ) ;
#806 = DIRECTION ( 'NONE',  ( -1.000000000000000000, -0.000000000000000000, -0.000000000000000000 ) ) ;
#807 = VECTOR ( 'NONE', #588, 1000.000000000000000 ) ;
#808 = LINE ( 'NONE', #2001, #2131 ) ;
#809 = CARTESIAN_POINT ( 'NONE',  ( -286.0992284691789678, 4.075092849886146062, 145.0000000000000000 ) ) ;
#810 = DIRECTION ( 'NONE',  ( -0.000000000000000000, -0.000000000000000000, -1.000000000000000000 ) ) ;
#811 = PLANE ( 'NONE',  #80 ) ;
#812 = VERTEX_POINT ( 'NONE', #1317 ) ;
#813 = EDGE_CURVE ( 'NONE', #661, #754, #1683, .T. ) ;
#814 = ADVANCED_FACE ( 'NONE', ( #956 ), #440, .T. ) ;
#815 = EDGE_LOOP ( 'NONE', ( #1572, #2111, #1323, #1855 ) ) ;
#816 = EDGE_CURVE ( 'NONE', #902, #610, #1478, .T. ) ;
#817 = LINE ( 'NONE', #1735, #1682 ) ;
#818 = DIRECTION ( 'NONE',  ( -0.000000000000000000, -0.000000000000000000, 1.000000000000000000 ) ) ;
#819 = LINE ( 'NONE', #314, #2195 ) ;
#820 = AXIS2_PLACEMENT_3D ( 'NONE', #317, #1550, #1342 ) ;
#821 = DIRECTION ( 'NONE',  ( -1.000000000000000000, 0.000000000000000000, 0.000000000000000000 ) ) ;
#822 = AXIS2_PLACEMENT_3D ( 'NONE', #1980, #1993, #1655 ) ;
#823 = ORIENTED_EDGE ( 'NONE', *, *, #2101, .T. ) ;
#824 = CARTESIAN_POINT ( 'NONE',  ( -346.0992284691789678, 8.075092849886148727, 5.000000000000000000 ) ) ;
#825 = VERTEX_POINT ( 'NONE', #399 ) ;
#826 = ORIENTED_EDGE ( 'NONE', *, *, #986, .T. ) ;
#827 = ORIENTED_EDGE ( 'NONE', *, *, #2020, .F. ) ;
#828 = DIRECTION ( 'NONE',  ( 0.000000000000000000, 0.000000000000000000, 1.000000000000000000 ) ) ;
#829 = CARTESIAN_POINT ( 'NONE',  ( -207.6192284691788927, -105.2140186567210804, 60.00000000000000000 ) ) ;
#830 = CARTESIAN_POINT ( 'NONE',  ( -152.6192284691789496, -114.4149071501139048, 145.0000000000000000 ) ) ;
#831 = DIRECTION ( 'NONE',  ( 0.000000000000000000, 0.000000000000000000, 1.000000000000000000 ) ) ;
#832 = ORIENTED_EDGE ( 'NONE', *, *, #1920, .F. ) ;
#833 = LINE ( 'NONE', #1203, #1881 ) ;
#834 = ORIENTED_EDGE ( 'NONE', *, *, #1586, .T. ) ;
#835 = VERTEX_POINT ( 'NONE', #1275 ) ;
#836 = ORIENTED_EDGE ( 'NONE', *, *, #913, .F. ) ;
#837 = EDGE_LOOP ( 'NONE', ( #921, #650, #580, #1723 ) ) ;
#838 = DIRECTION ( 'NONE',  ( -1.000000000000000000, 0.000000000000000000, 0.000000000000000000 ) ) ;
#839 = EDGE_LOOP ( 'NONE', ( #1596, #383, #1286, #171 ) ) ;
#840 = AXIS2_PLACEMENT_3D ( 'NONE', #893, #2084, #164 ) ;
#841 = ADVANCED_FACE ( 'NONE', ( #2183 ), #599, .T. ) ;
#842 = EDGE_CURVE ( 'NONE', #1005, #1787, #254, .T. ) ;
#843 = LINE ( 'NONE', #1014, #1863 ) ;
#844 = CARTESIAN_POINT ( 'NONE',  ( -132.6192284691789496, -114.4149071501139048, 150.0000000000000000 ) ) ;
#845 = ADVANCED_FACE ( 'NONE', ( #243 ), #1140, .T. ) ;
#846 = ORIENTED_EDGE ( 'NONE', *, *, #1415, .F. ) ;
#847 = DIRECTION ( 'NONE',  ( 0.000000000000000000, 0.000000000000000000, -1.000000000000000000 ) ) ;
#848 = EDGE_LOOP ( 'NONE', ( #1977, #1909, #563, #2165 ) ) ;
#849 = ORIENTED_EDGE ( 'NONE', *, *, #2191, .F. ) ;
#850 = ORIENTED_EDGE ( 'NONE', *, *, #2006, .F. ) ;
#851 = DIRECTION ( 'NONE',  ( -0.000000000000000000, -0.000000000000000000, -1.000000000000000000 ) ) ;
#852 = LINE ( 'NONE', #992, #804 ) ;
#853 = EDGE_CURVE ( 'NONE', #740, #1473, #1103, .T. ) ;
#854 = DIRECTION ( 'NONE',  ( -0.000000000000000000, -0.000000000000000000, -1.000000000000000000 ) ) ;
#855 = DIRECTION ( 'NONE',  ( -0.000000000000000000, 0.000000000000000000, 1.000000000000000000 ) ) ;
#856 = CARTESIAN_POINT ( 'NONE',  ( -278.2827665236803796, -67.72970515408017889, 145.0000000000000000 ) ) ;
#857 = ORIENTED_EDGE ( 'NONE', *, *, #1703, .T. ) ;
#858 = VECTOR ( 'NONE', #910, 1000.000000000000000 ) ;
#859 = VECTOR ( 'NONE', #1507, 1000.000000000000000 ) ;
#860 = ORIENTED_EDGE ( 'NONE', *, *, #986, .F. ) ;
#861 = AXIS2_PLACEMENT_3D ( 'NONE', #2228, #2100, #1211 ) ;
#862 = CYLINDRICAL_SURFACE ( 'NONE', #2113, 19.99999999999998934 ) ;
#863 = DIRECTION ( 'NONE',  ( 0.000000000000000000, 1.000000000000000000, 0.000000000000000000 ) ) ;
#864 = CARTESIAN_POINT ( 'NONE',  ( -312.6192284691788927, -134.4149071501138906, 150.0000000000000000 ) ) ;
#865 = CARTESIAN_POINT ( 'NONE',  ( -238.2827665236802943, -17.72970515408014691, 75.00000000000001421 ) ) ;
#866 = DIRECTION ( 'NONE',  ( -1.000000000000000000, 0.000000000000000000, 0.000000000000000000 ) ) ;
#867 = ORIENTED_EDGE ( 'NONE', *, *, #1010, .F. ) ;
#868 = CIRCLE ( 'NONE', #386, 20.00000000000001776 ) ;
#869 = VECTOR ( 'NONE', #851, 1000.000000000000000 ) ;
#870 = EDGE_CURVE ( 'NONE', #1398, #1888, #1397, .T. ) ;
#871 = ORIENTED_EDGE ( 'NONE', *, *, #26, .T. ) ;
#872 = EDGE_CURVE ( 'NONE', #900, #182, #929, .T. ) ;
#873 = PLANE ( 'NONE',  #1422 ) ;
#874 = CARTESIAN_POINT ( 'NONE',  ( -258.4636485081563251, -109.6507841373919376, 4.999999999999997335 ) ) ;
#875 = VECTOR ( 'NONE', #2013, 1000.000000000000000 ) ;
#876 = DIRECTION ( 'NONE',  ( -0.9063077870366491595, -0.4226182617407009956, -0.000000000000000000 ) ) ;
#877 = CARTESIAN_POINT ( 'NONE',  ( -346.0992284691789678, 4.075092849886136293, 0.000000000000000000 ) ) ;
#878 = DIRECTION ( 'NONE',  ( 1.000000000000000000, 0.000000000000000000, 0.000000000000000000 ) ) ;
#879 = ORIENTED_EDGE ( 'NONE', *, *, #1628, .F. ) ;
#880 = VECTOR ( 'NONE', #777, 1000.000000000000000 ) ;
#881 = VERTEX_POINT ( 'NONE', #964 ) ;
#882 = EDGE_CURVE ( 'NONE', #1865, #1234, #1671, .T. ) ;
#883 = EDGE_CURVE ( 'NONE', #2081, #212, #2272, .T. ) ;
#884 = LINE ( 'NONE', #1585, #133 ) ;
#885 = EDGE_CURVE ( 'NONE', #1099, #1400, #1291, .T. ) ;
#886 = AXIS2_PLACEMENT_3D ( 'NONE', #790, #453, #821 ) ;
#887 = CARTESIAN_POINT ( 'NONE',  ( -235.9889462669782461, 22.73839298757709315, 5.000000000000000000 ) ) ;
#888 = CARTESIAN_POINT ( 'NONE',  ( -152.6192284691788927, -134.4149071501139190, 5.000000000000000000 ) ) ;
#889 = CARTESIAN_POINT ( 'NONE',  ( -346.0992284691789678, 14.07509284988614873, 145.0000000000000000 ) ) ;
#890 = CARTESIAN_POINT ( 'NONE',  ( -254.9982586585511797, -114.4094574489678564, 90.00000000000000000 ) ) ;
#891 = VERTEX_POINT ( 'NONE', #247 ) ;
#892 = ORIENTED_EDGE ( 'NONE', *, *, #240, .T. ) ;
#893 = CARTESIAN_POINT ( 'NONE',  ( -372.6192284691790064, -134.4149071501138906, 150.0000000000000000 ) ) ;
#894 = CYLINDRICAL_SURFACE ( 'NONE', #1970, 60.00000000000005684 ) ;
#895 = CARTESIAN_POINT ( 'NONE',  ( -372.6192284691789496, 15.58509284988600285, 150.0000000000000000 ) ) ;
#896 = CARTESIAN_POINT ( 'NONE',  ( -352.6192284691788359, 35.58509284988614496, 5.000000000000000000 ) ) ;
#897 = CARTESIAN_POINT ( 'NONE',  ( -346.0992284691789678, -11.92490715011385660, 5.000000000000000000 ) ) ;
#898 = DIRECTION ( 'NONE',  ( 0.000000000000000000, 0.000000000000000000, -1.000000000000000000 ) ) ;
#899 = EDGE_LOOP ( 'NONE', ( #998, #626, #110, #350, #339, #1052, #1949, #2134 ) ) ;
#900 = VERTEX_POINT ( 'NONE', #1456 ) ;
#901 = LINE ( 'NONE', #51, #997 ) ;
#902 = VERTEX_POINT ( 'NONE', #948 ) ;
#903 = DIRECTION ( 'NONE',  ( -0.000000000000000000, -0.000000000000000000, 1.000000000000000000 ) ) ;
#904 = DIRECTION ( 'NONE',  ( -0.000000000000000000, -0.000000000000000000, 1.000000000000000000 ) ) ;
#905 = FACE_OUTER_BOUND ( 'NONE', #1016, .T. ) ;
#906 = EDGE_CURVE ( 'NONE', #2071, #250, #551, .T. ) ;
#907 = EDGE_CURVE ( 'NONE', #1113, #329, #2162, .T. ) ;
#908 = AXIS2_PLACEMENT_3D ( 'NONE', #106, #2207, #1165 ) ;
#909 = CARTESIAN_POINT ( 'NONE',  ( -372.6192284691789496, 15.58509284988600285, 0.000000000000000000 ) ) ;
#910 = DIRECTION ( 'NONE',  ( 1.000000000000000000, 0.000000000000000000, 0.000000000000000000 ) ) ;
#911 = VERTEX_POINT ( 'NONE', #2136 ) ;
#912 = VERTEX_POINT ( 'NONE', #1268 ) ;
#913 = EDGE_CURVE ( 'NONE', #742, #2005, #1070, .T. ) ;
#914 = FACE_BOUND ( 'NONE', #1760, .T. ) ;
#915 = VERTEX_POINT ( 'NONE', #196 ) ;
#916 = ORIENTED_EDGE ( 'NONE', *, *, #1277, .F. ) ;
#917 = CARTESIAN_POINT ( 'NONE',  ( -152.6192284691788927, -134.4149071501139190, 145.0000000000000000 ) ) ;
#918 = LINE ( 'NONE', #2156, #189 ) ;
#919 = DIRECTION ( 'NONE',  ( 0.000000000000000000, 0.000000000000000000, -1.000000000000000000 ) ) ;
#920 = CARTESIAN_POINT ( 'NONE',  ( -132.6192284691789496, -114.4149071501139048, 5.000000000000000000 ) ) ;
#921 = ORIENTED_EDGE ( 'NONE', *, *, #2225, .T. ) ;
#922 = ORIENTED_EDGE ( 'NONE', *, *, #2269, .F. ) ;
#923 = DIRECTION ( 'NONE',  ( 0.9063077870366491595, 0.4226182617407009956, 0.000000000000000000 ) ) ;
#924 = ORIENTED_EDGE ( 'NONE', *, *, #1195, .F. ) ;
#925 = ORIENTED_EDGE ( 'NONE', *, *, #1704, .F. ) ;
#926 = LINE ( 'NONE', #213, #2043 ) ;
#927 = AXIS2_PLACEMENT_3D ( 'NONE', #347, #562, #866 ) ;
#928 = VECTOR ( 'NONE', #1837, 1000.000000000000000 ) ;
#929 = LINE ( 'NONE', #264, #401 ) ;
#930 = DIRECTION ( 'NONE',  ( 0.9063077870366491595, 0.4226182617407009956, 0.000000000000000000 ) ) ;
#931 = VECTOR ( 'NONE', #1740, 1000.000000000000000 ) ;
#932 = DIRECTION ( 'NONE',  ( -0.000000000000000000, -0.000000000000000000, 1.000000000000000000 ) ) ;
#933 = LINE ( 'NONE', #1839, #1900 ) ;
#934 = ORIENTED_EDGE ( 'NONE', *, *, #2032, .F. ) ;
#935 = LINE ( 'NONE', #762, #2275 ) ;
#936 = CARTESIAN_POINT ( 'NONE',  ( -346.0992284691789678, 8.075092849886148727, 0.000000000000000000 ) ) ;
#937 = ORIENTED_EDGE ( 'NONE', *, *, #1903, .T. ) ;
#938 = VERTEX_POINT ( 'NONE', #17 ) ;
#939 = EDGE_CURVE ( 'NONE', #1889, #406, #208, .T. ) ;
#940 = ADVANCED_FACE ( 'NONE', ( #1950 ), #1255, .F. ) ;
#941 = FACE_OUTER_BOUND ( 'NONE', #57, .T. ) ;
#942 = ORIENTED_EDGE ( 'NONE', *, *, #435, .F. ) ;
#943 = EDGE_CURVE ( 'NONE', #802, #415, #727, .T. ) ;
#944 = LINE ( 'NONE', #1637, #1757 ) ;
#945 = CARTESIAN_POINT ( 'NONE',  ( -152.6192284691788927, -134.4149071501139190, 145.0000000000000000 ) ) ;
#946 = PLANE ( 'NONE',  #1257 ) ;
#947 = CARTESIAN_POINT ( 'NONE',  ( -346.0992284691789678, 14.07509284988614873, 145.0000000000000000 ) ) ;
#948 = CARTESIAN_POINT ( 'NONE',  ( -346.0992284691789678, 24.07509284988614695, 145.0000000000000000 ) ) ;
#949 = CARTESIAN_POINT ( 'NONE',  ( -346.0992284691789678, 24.07509284988614695, 5.000000000000000000 ) ) ;
#950 = ORIENTED_EDGE ( 'NONE', *, *, #460, .T. ) ;
#951 = AXIS2_PLACEMENT_3D ( 'NONE', #1054, #1755, #713 ) ;
#952 = ORIENTED_EDGE ( 'NONE', *, *, #1419, .T. ) ;
#953 = ORIENTED_EDGE ( 'NONE', *, *, #221, .F. ) ;
#954 = EDGE_CURVE ( 'NONE', #195, #1762, #901, .T. ) ;
#955 = ADVANCED_FACE ( 'NONE', ( #1484, #914, #1820, #582, #1243 ), #1607, .T. ) ;
#956 = FACE_OUTER_BOUND ( 'NONE', #275, .T. ) ;
#957 = LINE ( 'NONE', #1661, #1526 ) ;
#958 = PLANE ( 'NONE',  #1945 ) ;
#959 = FACE_OUTER_BOUND ( 'NONE', #1071, .T. ) ;
#960 = CARTESIAN_POINT ( 'NONE',  ( -346.0992284691789678, 14.07509284988614873, 5.000000000000000000 ) ) ;
#961 = CARTESIAN_POINT ( 'NONE',  ( -352.6192284691789496, 15.58509284988615207, 145.0000000000000000 ) ) ;
#962 = VERTEX_POINT ( 'NONE', #1084 ) ;
#963 = ORIENTED_EDGE ( 'NONE', *, *, #872, .F. ) ;
#964 = CARTESIAN_POINT ( 'NONE',  ( -346.0992284691789678, -11.92490715011385660, 5.000000000000000000 ) ) ;
#965 = DIRECTION ( 'NONE',  ( -1.000000000000000000, 0.000000000000000000, 0.000000000000000000 ) ) ;
#966 = AXIS2_PLACEMENT_3D ( 'NONE', #178, #1452, #12 ) ;
#967 = CARTESIAN_POINT ( 'NONE',  ( -286.0992284691789678, 4.075092849886146062, 0.000000000000000000 ) ) ;
#968 = CARTESIAN_POINT ( 'NONE',  ( -286.0992284691789678, -5.924907150113859267, 145.0000000000000000 ) ) ;
#969 = STYLED_ITEM ( 'NONE', ( #2015 ), #1901 ) ;
#970 = CYLINDRICAL_SURFACE ( 'NONE', #886, 60.00000000000005684 ) ;
#971 = ADVANCED_FACE ( 'NONE', ( #1301 ), #1616, .F. ) ;
#972 = VECTOR ( 'NONE', #1896, 1000.000000000000000 ) ;
#973 = PLANE ( 'NONE',  #822 ) ;
#974 = ORIENTED_EDGE ( 'NONE', *, *, #11, .T. ) ;
#975 = ORIENTED_EDGE ( 'NONE', *, *, #1634, .F. ) ;
#976 = DIRECTION ( 'NONE',  ( 0.000000000000000000, 0.000000000000000000, -1.000000000000000000 ) ) ;
#977 = VECTOR ( 'NONE', #1756, 1000.000000000000000 ) ;
#978 = AXIS2_PLACEMENT_3D ( 'NONE', #2074, #1904, #838 ) ;
#979 = CARTESIAN_POINT ( 'NONE',  ( -352.6192284691788359, 35.58509284988614496, 0.000000000000000000 ) ) ;
#980 = FACE_OUTER_BOUND ( 'NONE', #2016, .T. ) ;
#981 = ADVANCED_FACE ( 'NONE', ( #1627 ), #38, .T. ) ;
#982 = LINE ( 'NONE', #270, #2051 ) ;
#983 = ADVANCED_FACE ( 'NONE', ( #409 ), #371, .T. ) ;
#984 = LINE ( 'NONE', #949, #311 ) ;
#985 = VERTEX_POINT ( 'NONE', #233 ) ;
#986 = EDGE_CURVE ( 'NONE', #1787, #687, #935, .T. ) ;
#987 = VECTOR ( 'NONE', #702, 1000.000000000000000 ) ;
#988 = VERTEX_POINT ( 'NONE', #2161 ) ;
#989 = CARTESIAN_POINT ( 'NONE',  ( -239.6521571546024916, -66.82272433320854077, 4.999999999999997335 ) ) ;
#990 = AXIS2_PLACEMENT_3D ( 'NONE', #917, #398, #1648 ) ;
#991 = DIRECTION ( 'NONE',  ( 0.000000000000000000, 1.000000000000000000, 0.000000000000000000 ) ) ;
#992 = CARTESIAN_POINT ( 'NONE',  ( -346.0992284691789678, 4.075092849886146062, 0.000000000000000000 ) ) ;
#993 = CARTESIAN_POINT ( 'NONE',  ( -286.0992284691789678, -1.924907150113855270, 5.000000000000000000 ) ) ;
#994 = ORIENTED_EDGE ( 'NONE', *, *, #1525, .F. ) ;
#995 = DIRECTION ( 'NONE',  ( 0.000000000000000000, 0.000000000000000000, 1.000000000000000000 ) ) ;
#996 = ORIENTED_EDGE ( 'NONE', *, *, #1659, .F. ) ;
#997 = VECTOR ( 'NONE', #27, 1000.000000000000000 ) ;
#998 = ORIENTED_EDGE ( 'NONE', *, *, #1462, .T. ) ;
#999 = CARTESIAN_POINT ( 'NONE',  ( -286.0992284691789678, 4.075092849886146062, 5.000000000000000000 ) ) ;
#1000 = AXIS2_PLACEMENT_3D ( 'NONE', #367, #2109, #734 ) ;
#1001 = DIRECTION ( 'NONE',  ( 0.000000000000000000, 0.000000000000000000, -1.000000000000000000 ) ) ;
#1002 = CARTESIAN_POINT ( 'NONE',  ( -346.0992284691789678, 4.075092849886136293, 150.0000000000000000 ) ) ;
#1003 = LINE ( 'NONE', #1840, #70 ) ;
#1004 = VECTOR ( 'NONE', #1485, 1000.000000000000000 ) ;
#1005 = VERTEX_POINT ( 'NONE', #422 ) ;
#1006 = DIRECTION ( 'NONE',  ( 0.000000000000000000, 1.000000000000000000, 0.000000000000000000 ) ) ;
#1007 = ORIENTED_EDGE ( 'NONE', *, *, #1277, .T. ) ;
#1008 = ORIENTED_EDGE ( 'NONE', *, *, #870, .F. ) ;
#1009 = ADVANCED_FACE ( 'NONE', ( #1124 ), #1321, .T. ) ;
#1010 = EDGE_CURVE ( 'NONE', #902, #146, #1003, .T. ) ;
#1011 = CYLINDRICAL_SURFACE ( 'NONE', #1236, 5.000000000000004441 ) ;
#1012 = EDGE_CURVE ( 'NONE', #1726, #1212, #2217, .T. ) ;
#1013 = DIRECTION ( 'NONE',  ( 0.000000000000000000, -0.000000000000000000, -1.000000000000000000 ) ) ;
#1014 = CARTESIAN_POINT ( 'NONE',  ( -286.0992284691789678, 4.075092849886146062, 5.000000000000000000 ) ) ;
#1015 = DIRECTION ( 'NONE',  ( 1.000000000000000000, 0.000000000000000000, 0.000000000000000000 ) ) ;
#1016 = EDGE_LOOP ( 'NONE', ( #1834, #682, #500, #29 ) ) ;
#1017 = LINE ( 'NONE', #659, #1227 ) ;
#1018 = ORIENTED_EDGE ( 'NONE', *, *, #42, .F. ) ;
#1019 = ORIENTED_EDGE ( 'NONE', *, *, #1561, .T. ) ;
#1020 = ORIENTED_EDGE ( 'NONE', *, *, #1522, .T. ) ;
#1021 = AXIS2_PLACEMENT_3D ( 'NONE', #1935, #1064, #545 ) ;
#1022 = FACE_OUTER_BOUND ( 'NONE', #2038, .T. ) ;
#1023 = ORIENTED_EDGE ( 'NONE', *, *, #200, .F. ) ;
#1024 = LINE ( 'NONE', #645, #1093 ) ;
#1025 = CARTESIAN_POINT ( 'NONE',  ( -372.6192284691789496, 15.58509284988600285, 145.0000000000000000 ) ) ;
#1026 = EDGE_LOOP ( 'NONE', ( #523, #2278, #1825, #1204 ) ) ;
#1027 = LINE ( 'NONE', #1701, #1118 ) ;
#1028 = VERTEX_POINT ( 'NONE', #1135 ) ;
#1029 = ORIENTED_EDGE ( 'NONE', *, *, #331, .F. ) ;
#1030 = LINE ( 'NONE', #1208, #93 ) ;
#1031 = ORIENTED_EDGE ( 'NONE', *, *, #774, .F. ) ;
#1032 = LINE ( 'NONE', #333, #286 ) ;
#1033 = CYLINDRICAL_SURFACE ( 'NONE', #1377, 49.99999999999998579 ) ;
#1034 = EDGE_CURVE ( 'NONE', #661, #1113, #2166, .T. ) ;
#1035 = ORIENTED_EDGE ( 'NONE', *, *, #2271, .F. ) ;
#1036 = CARTESIAN_POINT ( 'NONE',  ( -346.0992284691789678, -11.92490715011385660, 145.0000000000000000 ) ) ;
#1037 = ORIENTED_EDGE ( 'NONE', *, *, #906, .F. ) ;
#1038 =( GEOMETRIC_REPRESENTATION_CONTEXT ( 3 ) GLOBAL_UNCERTAINTY_ASSIGNED_CONTEXT ( ( #1754 ) ) GLOBAL_UNIT_ASSIGNED_CONTEXT ( ( #1105, #1804, #1767 ) ) REPRESENTATION_CONTEXT ( 'NONE', 'WORKASPACE' ) );
#1039 = EDGE_CURVE ( 'NONE', #1400, #447, #1518, .T. ) ;
#1040 = VECTOR ( 'NONE', #2159, 1000.000000000000000 ) ;
#1041 = AXIS2_PLACEMENT_3D ( 'NONE', #1864, #1886, #2046 ) ;
#1042 = ORIENTED_EDGE ( 'NONE', *, *, #11, .F. ) ;
#1043 = CARTESIAN_POINT ( 'NONE',  ( -346.0992284691789678, 24.07509284988614695, 145.0000000000000000 ) ) ;
#1044 = CARTESIAN_POINT ( 'NONE',  ( -152.6192284691788927, -134.4149071501139190, 150.0000000000000000 ) ) ;
#1045 = CARTESIAN_POINT ( 'NONE',  ( -238.2827665236802943, -17.72970515408014691, 5.000000000000000000 ) ) ;
#1046 = DIRECTION ( 'NONE',  ( 0.000000000000000000, 0.000000000000000000, 1.000000000000000000 ) ) ;
#1047 = CARTESIAN_POINT ( 'NONE',  ( -276.1696752149768486, -72.26124408926341403, 75.00000000000001421 ) ) ;
#1048 = ORIENTED_EDGE ( 'NONE', *, *, #1150, .F. ) ;
#1049 = EDGE_CURVE ( 'NONE', #912, #489, #2187, .T. ) ;
#1050 = ADVANCED_FACE ( 'NONE', ( #1497 ), #2014, .T. ) ;
#1051 = ADVANCED_FACE ( 'NONE', ( #107 ), #280, .T. ) ;
#1052 = ORIENTED_EDGE ( 'NONE', *, *, #2269, .T. ) ;
#1053 = DIRECTION ( 'NONE',  ( -0.9999244370625416378, 0.01229309420606764652, 0.000000000000000000 ) ) ;
#1054 = CARTESIAN_POINT ( 'NONE',  ( -239.6521571546024916, -66.82272433320854077, 90.00000000000000000 ) ) ;
#1055 = CIRCLE ( 'NONE', #2231, 19.99999999999998934 ) ;
#1056 = CARTESIAN_POINT ( 'NONE',  ( -346.0992284691789678, -1.924907150113855270, 0.000000000000000000 ) ) ;
#1057 = CARTESIAN_POINT ( 'NONE',  ( -286.0992284691789678, -11.92490715011385660, 145.0000000000000000 ) ) ;
#1058 = DIRECTION ( 'NONE',  ( -1.000000000000000000, 0.000000000000000000, 0.000000000000000000 ) ) ;
#1059 = VERTEX_POINT ( 'NONE', #993 ) ;
#1060 = EDGE_LOOP ( 'NONE', ( #1029, #1982, #1531, #1008 ) ) ;
#1061 = VERTEX_POINT ( 'NONE', #1145 ) ;
#1062 = DIRECTION ( 'NONE',  ( -1.000000000000000000, -0.000000000000000000, -0.000000000000000000 ) ) ;
#1063 = VECTOR ( 'NONE', #831, 1000.000000000000000 ) ;
#1064 = DIRECTION ( 'NONE',  ( 0.000000000000000000, 0.000000000000000000, 1.000000000000000000 ) ) ;
#1065 = VECTOR ( 'NONE', #1046, 1000.000000000000000 ) ;
#1066 = FACE_OUTER_BOUND ( 'NONE', #348, .T. ) ;
#1067 = PLANE ( 'NONE',  #303 ) ;
#1068 = DIRECTION ( 'NONE',  ( 0.000000000000000000, -0.000000000000000000, 1.000000000000000000 ) ) ;
#1069 = ORIENTED_EDGE ( 'NONE', *, *, #907, .F. ) ;
#1070 = LINE ( 'NONE', #1654, #700 ) ;
#1071 = EDGE_LOOP ( 'NONE', ( #1130, #1326, #834, #952 ) ) ;
#1072 = AXIS2_PLACEMENT_3D ( 'NONE', #63, #796, #1262 ) ;
#1073 = CARTESIAN_POINT ( 'NONE',  ( -281.1696752149769054, -72.26124408926341403, 145.0000000000000000 ) ) ;
#1074 = EDGE_CURVE ( 'NONE', #182, #1059, #982, .T. ) ;
#1075 = ADVANCED_FACE ( 'NONE', ( #2023 ), #970, .F. ) ;
#1076 = VECTOR ( 'NONE', #1405, 1000.000000000000000 ) ;
#1077 = EDGE_CURVE ( 'NONE', #754, #1964, #481, .T. ) ;
#1078 = CARTESIAN_POINT ( 'NONE',  ( -207.6192284691788927, -105.2140186567210662, 5.000000000000000000 ) ) ;
#1079 = CARTESIAN_POINT ( 'NONE',  ( -346.0992284691789678, -5.924907150113859267, 145.0000000000000000 ) ) ;
#1080 = FACE_OUTER_BOUND ( 'NONE', #466, .T. ) ;
#1081 = CARTESIAN_POINT ( 'NONE',  ( -152.6192284691789496, -114.4149071501139048, 0.000000000000000000 ) ) ;
#1082 = ORIENTED_EDGE ( 'NONE', *, *, #240, .F. ) ;
#1083 = VERTEX_POINT ( 'NONE', #431 ) ;
#1084 = CARTESIAN_POINT ( 'NONE',  ( -346.0992284691789678, -5.924907150113845056, 0.000000000000000000 ) ) ;
#1085 = ORIENTED_EDGE ( 'NONE', *, *, #885, .F. ) ;
#1086 = AXIS2_PLACEMENT_3D ( 'NONE', #1959, #9, #2 ) ;
#1087 = ORIENTED_EDGE ( 'NONE', *, *, #606, .F. ) ;
#1088 = AXIS2_PLACEMENT_3D ( 'NONE', #119, #483, #1709 ) ;
#1089 = DIRECTION ( 'NONE',  ( 0.000000000000000000, -1.000000000000000000, 0.000000000000000000 ) ) ;
#1090 = APPLICATION_CONTEXT ( 'automotive_design' ) ;
#1091 = ADVANCED_FACE ( 'NONE', ( #1677 ), #2042, .T. ) ;
#1092 = CARTESIAN_POINT ( 'NONE',  ( -132.6192284691789496, 15.58509284988615740, 145.0000000000000000 ) ) ;
#1093 = VECTOR ( 'NONE', #1728, 1000.000000000000000 ) ;
#1094 = LINE ( 'NONE', #1917, #1874 ) ;
#1095 = LINE ( 'NONE', #1436, #1440 ) ;
#1096 = EDGE_LOOP ( 'NONE', ( #1438, #2093, #158, #823 ) ) ;
#1097 = ORIENTED_EDGE ( 'NONE', *, *, #1111, .T. ) ;
#1098 = DIRECTION ( 'NONE',  ( 1.000000000000000000, 3.469446951953617270E-17, 0.000000000000000000 ) ) ;
#1099 = VERTEX_POINT ( 'NONE', #801 ) ;
#1100 = ORIENTED_EDGE ( 'NONE', *, *, #1074, .T. ) ;
#1101 = VECTOR ( 'NONE', #1971, 1000.000000000000000 ) ;
#1102 = CARTESIAN_POINT ( 'NONE',  ( -286.0992284691789678, 4.075092849886146062, 150.0000000000000000 ) ) ;
#1103 = LINE ( 'NONE', #1847, #102 ) ;
#1104 = PLANE ( 'NONE',  #1633 ) ;
#1105 =( LENGTH_UNIT ( ) NAMED_UNIT ( * ) SI_UNIT ( .MILLI., .METRE. ) );
#1106 = FACE_OUTER_BOUND ( 'NONE', #1658, .T. ) ;
#1107 = CARTESIAN_POINT ( 'NONE',  ( -352.6192284691788359, 35.58509284988614496, 145.0000000000000000 ) ) ;
#1108 = ORIENTED_EDGE ( 'NONE', *, *, #147, .T. ) ;
#1109 = ORIENTED_EDGE ( 'NONE', *, *, #2122, .F. ) ;
#1110 = CARTESIAN_POINT ( 'NONE',  ( -352.6192284691789496, 15.58509284988615207, 5.000000000000000000 ) ) ;
#1111 = EDGE_CURVE ( 'NONE', #1113, #1964, #2198, .T. ) ;
#1112 = FILL_AREA_STYLE ('',( #2150 ) ) ;
#1113 = VERTEX_POINT ( 'NONE', #1873 ) ;
#1114 = EDGE_CURVE ( 'NONE', #1795, #1641, #472, .T. ) ;
#1115 = VERTEX_POINT ( 'NONE', #2003 ) ;
#1116 = PLANE ( 'NONE',  #357 ) ;
#1117 = ORIENTED_EDGE ( 'NONE', *, *, #1537, .T. ) ;
#1118 = VECTOR ( 'NONE', #1876, 1000.000000000000000 ) ;
#1119 = AXIS2_PLACEMENT_3D ( 'NONE', #1789, #1450, #1972 ) ;
#1120 = DIRECTION ( 'NONE',  ( -1.000000000000000000, -0.000000000000000000, -0.000000000000000000 ) ) ;
#1121 = FACE_OUTER_BOUND ( 'NONE', #1161, .T. ) ;
#1122 = LINE ( 'NONE', #1330, #1154 ) ;
#1123 = DIRECTION ( 'NONE',  ( 0.000000000000000000, 0.000000000000000000, -1.000000000000000000 ) ) ;
#1124 = FACE_OUTER_BOUND ( 'NONE', #1060, .T. ) ;
#1125 = EDGE_CURVE ( 'NONE', #1734, #962, #633, .T. ) ;
#1126 = LINE ( 'NONE', #2177, #2099 ) ;
#1127 = EDGE_LOOP ( 'NONE', ( #1454, #1160, #916, #724 ) ) ;
#1128 = EDGE_CURVE ( 'NONE', #835, #812, #274, .T. ) ;
#1129 = ORIENTED_EDGE ( 'NONE', *, *, #1391, .T. ) ;
#1130 = ORIENTED_EDGE ( 'NONE', *, *, #295, .F. ) ;
#1131 = DIRECTION ( 'NONE',  ( 0.000000000000000000, 0.000000000000000000, 1.000000000000000000 ) ) ;
#1132 = CARTESIAN_POINT ( 'NONE',  ( -346.0992284691789678, -1.924907150113855270, 0.000000000000000000 ) ) ;
#1133 = LINE ( 'NONE', #967, #1632 ) ;
#1134 = CARTESIAN_POINT ( 'NONE',  ( -258.4636485081563251, -109.6507841373919376, 90.00000000000000000 ) ) ;
#1135 = CARTESIAN_POINT ( 'NONE',  ( -346.0992284691789678, 18.07509284988614695, 5.000000000000000000 ) ) ;
#1136 = FACE_OUTER_BOUND ( 'NONE', #1968, .T. ) ;
#1137 = VERTEX_POINT ( 'NONE', #1025 ) ;
#1138 = VECTOR ( 'NONE', #1235, 1000.000000000000000 ) ;
#1139 = ORIENTED_EDGE ( 'NONE', *, *, #1791, .T. ) ;
#1140 = PLANE ( 'NONE',  #1289 ) ;
#1141 = LINE ( 'NONE', #2194, #524 ) ;
#1142 = ADVANCED_FACE ( 'NONE', ( #1230 ), #485, .T. ) ;
#1143 = DIRECTION ( 'NONE',  ( -1.000000000000000000, -3.469446951953617270E-17, 0.000000000000000000 ) ) ;
#1144 = CARTESIAN_POINT ( 'NONE',  ( -286.0992284691789678, 8.075092849886148727, 150.0000000000000000 ) ) ;
#1145 = CARTESIAN_POINT ( 'NONE',  ( -286.0992284691789678, 8.075092849886148727, 0.000000000000000000 ) ) ;
#1146 = CARTESIAN_POINT ( 'NONE',  ( -372.6192284691789496, 15.58509284988600285, 0.000000000000000000 ) ) ;
#1147 = EDGE_LOOP ( 'NONE', ( #1751, #2280, #849, #2048 ) ) ;
#1148 = ORIENTED_EDGE ( 'NONE', *, *, #670, .F. ) ;
#1149 = CIRCLE ( 'NONE', #418, 20.00000000000001776 ) ;
#1150 = EDGE_CURVE ( 'NONE', #2245, #1734, #1577, .T. ) ;
#1151 = DIRECTION ( 'NONE',  ( 0.000000000000000000, -0.000000000000000000, -1.000000000000000000 ) ) ;
#1152 = CARTESIAN_POINT ( 'NONE',  ( -253.4021830371259796, -104.6511619520792209, 90.00000000000000000 ) ) ;
#1153 = EDGE_CURVE ( 'NONE', #1486, #2139, #1773, .T. ) ;
#1154 = VECTOR ( 'NONE', #1143, 1000.000000000000000 ) ;
#1155 = EDGE_CURVE ( 'NONE', #1176, #2071, #2181, .T. ) ;
#1156 = CARTESIAN_POINT ( 'NONE',  ( -346.0992284691789678, 18.07509284988614695, 0.000000000000000000 ) ) ;
#1157 = FACE_OUTER_BOUND ( 'NONE', #514, .T. ) ;
#1158 = CARTESIAN_POINT ( 'NONE',  ( -346.0992284691789678, 4.075092849886146062, 145.0000000000000000 ) ) ;
#1159 = DIRECTION ( 'NONE',  ( 0.000000000000000000, -1.000000000000000000, 0.000000000000000000 ) ) ;
#1160 = ORIENTED_EDGE ( 'NONE', *, *, #1347, .F. ) ;
#1161 = EDGE_LOOP ( 'NONE', ( #456, #1042, #953, #172 ) ) ;
#1162 = DIRECTION ( 'NONE',  ( 0.000000000000000000, -1.000000000000000000, 0.000000000000000000 ) ) ;
#1163 = AXIS2_PLACEMENT_3D ( 'NONE', #1311, #76, #1806 ) ;
#1164 = DIRECTION ( 'NONE',  ( -0.000000000000000000, -0.000000000000000000, -1.000000000000000000 ) ) ;
#1165 = DIRECTION ( 'NONE',  ( -1.000000000000000000, 0.000000000000000000, 0.000000000000000000 ) ) ;
#1166 = DIRECTION ( 'NONE',  ( 0.000000000000000000, -1.000000000000000000, 0.000000000000000000 ) ) ;
#1167 = DIRECTION ( 'NONE',  ( -1.000000000000000000, 0.000000000000000000, 0.000000000000000000 ) ) ;
#1168 = ORIENTED_EDGE ( 'NONE', *, *, #1561, .F. ) ;
#1169 = VECTOR ( 'NONE', #1382, 1000.000000000000000 ) ;
#1170 = ORIENTED_EDGE ( 'NONE', *, *, #1618, .F. ) ;
#1171 = DIRECTION ( 'NONE',  ( 0.000000000000000000, 0.000000000000000000, -1.000000000000000000 ) ) ;
#1172 = AXIS2_PLACEMENT_3D ( 'NONE', #1999, #771, #1131 ) ;
#1173 = DIRECTION ( 'NONE',  ( 0.000000000000000000, -1.000000000000000000, 0.000000000000000000 ) ) ;
#1174 = CYLINDRICAL_SURFACE ( 'NONE', #2154, 19.99999999999998934 ) ;
#1175 = DIRECTION ( 'NONE',  ( 0.000000000000000000, 0.000000000000000000, -1.000000000000000000 ) ) ;
#1176 = VERTEX_POINT ( 'NONE', #1396 ) ;
#1177 = LINE ( 'NONE', #1519, #239 ) ;
#1178 = VERTEX_POINT ( 'NONE', #888 ) ;
#1179 = EDGE_CURVE ( 'NONE', #812, #891, #1925, .T. ) ;
#1180 = ORIENTED_EDGE ( 'NONE', *, *, #570, .F. ) ;
#1181 = ADVANCED_FACE ( 'NONE', ( #334 ), #1033, .T. ) ;
#1182 = AXIS2_PLACEMENT_3D ( 'NONE', #1110, #1991, #1809 ) ;
#1183 = EDGE_CURVE ( 'NONE', #1692, #1190, #1673, .T. ) ;
#1184 = ORIENTED_EDGE ( 'NONE', *, *, #943, .T. ) ;
#1185 = FACE_OUTER_BOUND ( 'NONE', #1885, .T. ) ;
#1186 = DIRECTION ( 'NONE',  ( -1.000000000000000000, 0.000000000000000000, 0.000000000000000000 ) ) ;
#1187 = CARTESIAN_POINT ( 'NONE',  ( -286.0992284691790246, 4.075092849886136293, 145.0000000000000000 ) ) ;
#1188 = CARTESIAN_POINT ( 'NONE',  ( -286.0992284691789678, -5.924907150113859267, 0.000000000000000000 ) ) ;
#1189 = CIRCLE ( 'NONE', #1041, 5.000000000000004441 ) ;
#1190 = VERTEX_POINT ( 'NONE', #844 ) ;
#1191 = CARTESIAN_POINT ( 'NONE',  ( -238.2827665236802943, -17.72970515408014336, 145.0000000000000000 ) ) ;
#1192 = ORIENTED_EDGE ( 'NONE', *, *, #1957, .T. ) ;
#1193 = ORIENTED_EDGE ( 'NONE', *, *, #1394, .T. ) ;
#1194 = CIRCLE ( 'NONE', #502, 60.00000000000005684 ) ;
#1195 = EDGE_CURVE ( 'NONE', #1641, #2025, #2241, .T. ) ;
#1196 = EDGE_CURVE ( 'NONE', #146, #5, #657, .T. ) ;
#1197 = ORIENTED_EDGE ( 'NONE', *, *, #1394, .F. ) ;
#1198 = DIRECTION ( 'NONE',  ( -1.000000000000000000, -8.326672684688672081E-16, 0.000000000000000000 ) ) ;
#1199 = DIRECTION ( 'NONE',  ( 0.000000000000000000, 0.000000000000000000, 1.000000000000000000 ) ) ;
#1200 = PLANE ( 'NONE',  #81 ) ;
#1201 = VECTOR ( 'NONE', #2205, 1000.000000000000000 ) ;
#1202 = ORIENTED_EDGE ( 'NONE', *, *, #842, .F. ) ;
#1203 = CARTESIAN_POINT ( 'NONE',  ( -286.0992284691789678, -5.924907150113859267, 5.000000000000000000 ) ) ;
#1204 = ORIENTED_EDGE ( 'NONE', *, *, #770, .T. ) ;
#1205 = ORIENTED_EDGE ( 'NONE', *, *, #1525, .T. ) ;
#1206 = ORIENTED_EDGE ( 'NONE', *, *, #741, .T. ) ;
#1207 = VECTOR ( 'NONE', #1395, 1000.000000000000000 ) ;
#1208 = CARTESIAN_POINT ( 'NONE',  ( -286.0992284691789678, 24.07509284988614695, 5.000000000000000000 ) ) ;
#1209 = EDGE_CURVE ( 'NONE', #82, #250, #1562, .T. ) ;
#1210 = DIRECTION ( 'NONE',  ( -0.000000000000000000, -0.000000000000000000, -1.000000000000000000 ) ) ;
#1211 = DIRECTION ( 'NONE',  ( 1.000000000000000000, 0.000000000000000000, 0.000000000000000000 ) ) ;
#1212 = VERTEX_POINT ( 'NONE', #2068 ) ;
#1213 = DIRECTION ( 'NONE',  ( 1.000000000000000000, 0.000000000000000000, 0.000000000000000000 ) ) ;
#1214 = ORIENTED_EDGE ( 'NONE', *, *, #712, .T. ) ;
#1215 = VERTEX_POINT ( 'NONE', #497 ) ;
#1216 = FACE_BOUND ( 'NONE', #55, .T. ) ;
#1217 = ADVANCED_FACE ( 'NONE', ( #1362 ), #1200, .F. ) ;
#1218 = EDGE_CURVE ( 'NONE', #835, #2060, #1384, .T. ) ;
#1219 = LINE ( 'NONE', #2273, #1687 ) ;
#1220 = DIRECTION ( 'NONE',  ( -0.000000000000000000, -0.000000000000000000, 1.000000000000000000 ) ) ;
#1221 = EDGE_CURVE ( 'NONE', #687, #1115, #1194, .T. ) ;
#1222 = DIRECTION ( 'NONE',  ( -0.000000000000000000, -0.000000000000000000, 1.000000000000000000 ) ) ;
#1223 = CARTESIAN_POINT ( 'NONE',  ( -236.1696752149768201, -22.26124408926339626, 75.00000000000001421 ) ) ;
#1224 = ORIENTED_EDGE ( 'NONE', *, *, #2240, .T. ) ;
#1225 = AXIS2_PLACEMENT_3D ( 'NONE', #2128, #720, #1423 ) ;
#1226 = VERTEX_POINT ( 'NONE', #1056 ) ;
#1227 = VECTOR ( 'NONE', #995, 1000.000000000000000 ) ;
#1228 = LINE ( 'NONE', #1260, #542 ) ;
#1229 = CYLINDRICAL_SURFACE ( 'NONE', #951, 50.00000000000001421 ) ;
#1230 = FACE_OUTER_BOUND ( 'NONE', #372, .T. ) ;
#1231 = DIRECTION ( 'NONE',  ( -1.000000000000000000, -0.000000000000000000, 0.000000000000000000 ) ) ;
#1232 = FACE_BOUND ( 'NONE', #1147, .T. ) ;
#1233 = VERTEX_POINT ( 'NONE', #864 ) ;
#1234 = VERTEX_POINT ( 'NONE', #1568 ) ;
#1235 = DIRECTION ( 'NONE',  ( 0.000000000000000000, 0.000000000000000000, 1.000000000000000000 ) ) ;
#1236 = AXIS2_PLACEMENT_3D ( 'NONE', #1716, #129, #678 ) ;
#1237 = CARTESIAN_POINT ( 'NONE',  ( -346.0992284691789678, 4.075092849886146062, 145.0000000000000000 ) ) ;
#1238 = AXIS2_PLACEMENT_3D ( 'NONE', #887, #1924, #2261 ) ;
#1239 = DIRECTION ( 'NONE',  ( 1.000000000000000000, -1.734723475976807094E-16, 0.000000000000000000 ) ) ;
#1240 = CARTESIAN_POINT ( 'NONE',  ( -346.0992284691789678, -11.92490715011385660, 145.0000000000000000 ) ) ;
#1241 = FACE_BOUND ( 'NONE', #304, .T. ) ;
#1242 = ORIENTED_EDGE ( 'NONE', *, *, #223, .F. ) ;
#1243 = FACE_BOUND ( 'NONE', #2250, .T. ) ;
#1244 = EDGE_CURVE ( 'NONE', #1269, #1669, #353, .T. ) ;
#1245 = EDGE_CURVE ( 'NONE', #1533, #1976, #199, .T. ) ;
#1246 = ORIENTED_EDGE ( 'NONE', *, *, #403, .T. ) ;
#1247 = EDGE_CURVE ( 'NONE', #194, #1437, #345, .T. ) ;
#1248 = FACE_OUTER_BOUND ( 'NONE', #1386, .T. ) ;
#1249 = CARTESIAN_POINT ( 'NONE',  ( -346.0992284691789678, -5.924907150113859267, 5.000000000000000000 ) ) ;
#1250 = CARTESIAN_POINT ( 'NONE',  ( -189.1776833766135155, 5.168371171735166136, 75.00000000000001421 ) ) ;
#1251 = DIRECTION ( 'NONE',  ( 0.000000000000000000, 1.000000000000000000, 0.000000000000000000 ) ) ;
#1252 = CARTESIAN_POINT ( 'NONE',  ( -258.4636485081563251, -109.6507841373919376, 60.00000000000000000 ) ) ;
#1253 = ORIENTED_EDGE ( 'NONE', *, *, #643, .T. ) ;
#1254 = ORIENTED_EDGE ( 'NONE', *, *, #460, .F. ) ;
#1255 = PLANE ( 'NONE',  #1983 ) ;
#1256 = ORIENTED_EDGE ( 'NONE', *, *, #1153, .F. ) ;
#1257 = AXIS2_PLACEMENT_3D ( 'NONE', #1849, #1675, #1838 ) ;
#1258 = EDGE_CURVE ( 'NONE', #395, #194, #2054, .T. ) ;
#1259 = ORIENTED_EDGE ( 'NONE', *, *, #1346, .F. ) ;
#1260 = CARTESIAN_POINT ( 'NONE',  ( -346.0992284691789678, -1.924907150113855270, 150.0000000000000000 ) ) ;
#1261 = AXIS2_PLACEMENT_3D ( 'NONE', #2274, #132, #1906 ) ;
#1262 = DIRECTION ( 'NONE',  ( -1.000000000000000000, 0.000000000000000000, 0.000000000000000000 ) ) ;
#1263 = LINE ( 'NONE', #1944, #1270 ) ;
#1264 = APPLICATION_PROTOCOL_DEFINITION ( 'draft international standard', 'automotive_design', 1998, #1287 ) ;
#1265 = LINE ( 'NONE', #1603, #598 ) ;
#1266 = LINE ( 'NONE', #890, #1921 ) ;
#1267 = ORIENTED_EDGE ( 'NONE', *, *, #308, .T. ) ;
#1268 = CARTESIAN_POINT ( 'NONE',  ( -286.0992284691790246, -5.924907150113845056, 145.0000000000000000 ) ) ;
#1269 = VERTEX_POINT ( 'NONE', #1079 ) ;
#1270 = VECTOR ( 'NONE', #21, 1000.000000000000000 ) ;
#1271 = VERTEX_POINT ( 'NONE', #895 ) ;
#1272 = VECTOR ( 'NONE', #991, 1000.000000000000000 ) ;
#1273 = FACE_OUTER_BOUND ( 'NONE', #848, .T. ) ;
#1274 = UNCERTAINTY_MEASURE_WITH_UNIT (LENGTH_MEASURE( 1.000000000000000082E-05 ), #423, 'distance_accuracy_value', 'NONE');
#1275 = CARTESIAN_POINT ( 'NONE',  ( -132.6192284691789496, 15.58509284988615740, 5.000000000000000000 ) ) ;
#1276 = CARTESIAN_POINT ( 'NONE',  ( -346.0992284691789678, 4.075092849886146062, 5.000000000000000000 ) ) ;
#1277 = EDGE_CURVE ( 'NONE', #825, #911, #1263, .T. ) ;
#1278 = ADVANCED_FACE ( 'NONE', ( #905 ), #733, .T. ) ;
#1279 = AXIS2_PLACEMENT_3D ( 'NONE', #968, #1676, #1624 ) ;
#1280 = DIRECTION ( 'NONE',  ( 1.000000000000000000, 0.000000000000000000, 0.000000000000000000 ) ) ;
#1281 = DIRECTION ( 'NONE',  ( 3.469446951953617270E-17, -1.000000000000000000, 0.000000000000000000 ) ) ;
#1282 = ORIENTED_EDGE ( 'NONE', *, *, #2032, .T. ) ;
#1283 = ORIENTED_EDGE ( 'NONE', *, *, #294, .F. ) ;
#1284 = DIRECTION ( 'NONE',  ( 0.000000000000000000, 0.000000000000000000, -1.000000000000000000 ) ) ;
#1285 = DIRECTION ( 'NONE',  ( 0.000000000000000000, 0.000000000000000000, -1.000000000000000000 ) ) ;
#1286 = ORIENTED_EDGE ( 'NONE', *, *, #1796, .F. ) ;
#1287 = APPLICATION_CONTEXT ( 'automotive_design' ) ;
#1288 = ORIENTED_EDGE ( 'NONE', *, *, #159, .F. ) ;
#1289 = AXIS2_PLACEMENT_3D ( 'NONE', #757, #95, #976 ) ;
#1290 = CARTESIAN_POINT ( 'NONE',  ( -346.0992284691789678, 4.075092849886146062, 145.0000000000000000 ) ) ;
#1291 = LINE ( 'NONE', #1940, #1868 ) ;
#1292 = FACE_OUTER_BOUND ( 'NONE', #1594, .T. ) ;
#1293 = AXIS2_PLACEMENT_3D ( 'NONE', #1831, #624, #1699 ) ;
#1294 = EDGE_CURVE ( 'NONE', #1233, #1692, #1777, .T. ) ;
#1295 = ADVANCED_FACE ( 'NONE', ( #714 ), #1591, .T. ) ;
#1296 = LINE ( 'NONE', #1451, #1742 ) ;
#1297 = VECTOR ( 'NONE', #2263, 1000.000000000000000 ) ;
#1298 = CARTESIAN_POINT ( 'NONE',  ( -372.6192284691789496, 15.58509284988600285, 5.000000000000000000 ) ) ;
#1299 = PLANE ( 'NONE',  #1960 ) ;
#1300 = ADVANCED_FACE ( 'NONE', ( #1066 ), #1601, .T. ) ;
#1301 = FACE_OUTER_BOUND ( 'NONE', #1026, .T. ) ;
#1302 = LINE ( 'NONE', #100, #1997 ) ;
#1303 = ORIENTED_EDGE ( 'NONE', *, *, #816, .F. ) ;
#1304 = ORIENTED_EDGE ( 'NONE', *, *, #1750, .T. ) ;
#1305 = VECTOR ( 'NONE', #1231, 1000.000000000000000 ) ;
#1306 = EDGE_LOOP ( 'NONE', ( #145, #1487, #1875, #137 ) ) ;
#1307 = PRESENTATION_LAYER_ASSIGNMENT (  '', '', ( #969 ) ) ;
#1308 = DIRECTION ( 'NONE',  ( -0.000000000000000000, -0.000000000000000000, 1.000000000000000000 ) ) ;
#1309 = CARTESIAN_POINT ( 'NONE',  ( -372.6192284691789496, 15.58509284988600285, 5.000000000000000000 ) ) ;
#1310 = DIRECTION ( 'NONE',  ( -1.000000000000000000, 0.000000000000000000, 0.000000000000000000 ) ) ;
#1311 = CARTESIAN_POINT ( 'NONE',  ( -236.1696752149768201, -22.26124408926339626, 5.000000000000000000 ) ) ;
#1312 = CARTESIAN_POINT ( 'NONE',  ( -346.0992284691789678, 14.07509284988614873, 5.000000000000000000 ) ) ;
#1313 = CARTESIAN_POINT ( 'NONE',  ( -346.0992284691789678, 24.07509284988614695, 5.000000000000000000 ) ) ;
#1314 = ORIENTED_EDGE ( 'NONE', *, *, #2125, .T. ) ;
#1315 = ORIENTED_EDGE ( 'NONE', *, *, #1992, .F. ) ;
#1316 = ORIENTED_EDGE ( 'NONE', *, *, #2271, .T. ) ;
#1317 = CARTESIAN_POINT ( 'NONE',  ( -152.6192284691789780, 35.58509284988614496, 5.000000000000000000 ) ) ;
#1318 = CARTESIAN_POINT ( 'NONE',  ( -253.4021830371259796, -104.6511619520792209, 60.00000000000000000 ) ) ;
#1319 = FACE_OUTER_BOUND ( 'NONE', #584, .T. ) ;
#1320 = LINE ( 'NONE', #623, #875 ) ;
#1321 = PLANE ( 'NONE',  #1293 ) ;
#1322 = AXIS2_PLACEMENT_3D ( 'NONE', #1365, #1898, #1387 ) ;
#1323 = ORIENTED_EDGE ( 'NONE', *, *, #2171, .T. ) ;
#1324 = EDGE_CURVE ( 'NONE', #1822, #433, #536, .T. ) ;
#1325 = ADVANCED_FACE ( 'NONE', ( #1936 ), #2116, .T. ) ;
#1326 = ORIENTED_EDGE ( 'NONE', *, *, #505, .F. ) ;
#1327 = EDGE_CURVE ( 'NONE', #182, #1226, #2129, .T. ) ;
#1328 = CARTESIAN_POINT ( 'NONE',  ( -346.0992284691789678, -5.924907150113859267, 5.000000000000000000 ) ) ;
#1329 = DIRECTION ( 'NONE',  ( 1.000000000000000000, 0.000000000000000000, 0.000000000000000000 ) ) ;
#1330 = CARTESIAN_POINT ( 'NONE',  ( -352.6192284691788359, 35.58509284988614496, 150.0000000000000000 ) ) ;
#1331 = CARTESIAN_POINT ( 'NONE',  ( -352.6192284691789496, 15.58509284988615207, 145.0000000000000000 ) ) ;
#1332 = DIRECTION ( 'NONE',  ( 0.000000000000000000, -1.000000000000000000, 0.000000000000000000 ) ) ;
#1333 = EDGE_LOOP ( 'NONE', ( #2244, #290, #1470, #1644 ) ) ;
#1334 = EDGE_LOOP ( 'NONE', ( #1606, #1288, #1573, #736 ) ) ;
#1335 = CARTESIAN_POINT ( 'NONE',  ( -207.6192284691788927, -105.2140186567210804, 60.00000000000000000 ) ) ;
#1336 = VECTOR ( 'NONE', #1251, 1000.000000000000000 ) ;
#1337 = AXIS2_PLACEMENT_3D ( 'NONE', #1479, #1672, #965 ) ;
#1338 = PLANE ( 'NONE',  #1088 ) ;
#1339 = DIRECTION ( 'NONE',  ( 1.000000000000000000, 0.000000000000000000, 0.000000000000000000 ) ) ;
#1340 = DIRECTION ( 'NONE',  ( 0.000000000000000000, -1.000000000000000000, 0.000000000000000000 ) ) ;
#1341 = PRODUCT_DEFINITION_FORMATION_WITH_SPECIFIED_SOURCE ( 'ANY', '', #495, .NOT_KNOWN. ) ;
#1342 = DIRECTION ( 'NONE',  ( 0.000000000000000000, 0.000000000000000000, -1.000000000000000000 ) ) ;
#1343 = VERTEX_POINT ( 'NONE', #1819 ) ;
#1344 = EDGE_LOOP ( 'NONE', ( #465, #1242, #282, #480 ) ) ;
#1345 = CARTESIAN_POINT ( 'NONE',  ( -207.6192284691788927, -105.2140186567210662, 145.0000000000000000 ) ) ;
#1346 = EDGE_CURVE ( 'NONE', #679, #1137, #868, .T. ) ;
#1347 = EDGE_CURVE ( 'NONE', #911, #1389, #65, .T. ) ;
#1348 = CARTESIAN_POINT ( 'NONE',  ( -286.0992284691789678, 8.075092849886148727, 5.000000000000000000 ) ) ;
#1349 = LINE ( 'NONE', #141, #96 ) ;
#1350 = DIRECTION ( 'NONE',  ( 0.000000000000000000, 0.000000000000000000, 1.000000000000000000 ) ) ;
#1351 = CARTESIAN_POINT ( 'NONE',  ( -275.9889462669783029, -27.26160701242294593, 5.000000000000000000 ) ) ;
#1352 = CARTESIAN_POINT ( 'NONE',  ( -346.0992284691789678, 24.07509284988615406, 0.000000000000000000 ) ) ;
#1353 = ORIENTED_EDGE ( 'NONE', *, *, #913, .T. ) ;
#1354 = VECTOR ( 'NONE', #1969, 1000.000000000000000 ) ;
#1355 = VECTOR ( 'NONE', #1943, 1000.000000000000000 ) ;
#1356 = ORIENTED_EDGE ( 'NONE', *, *, #1750, .F. ) ;
#1357 = VERTEX_POINT ( 'NONE', #420 ) ;
#1358 = LINE ( 'NONE', #1370, #1856 ) ;
#1359 = CARTESIAN_POINT ( 'NONE',  ( -286.0992284691789678, 14.07509284988614873, 145.0000000000000000 ) ) ;
#1360 = DIRECTION ( 'NONE',  ( -1.000000000000000000, 0.000000000000000000, 0.000000000000000000 ) ) ;
#1361 = EDGE_CURVE ( 'NONE', #195, #1233, #760, .T. ) ;
#1362 = FACE_OUTER_BOUND ( 'NONE', #1712, .T. ) ;
#1363 = ADVANCED_FACE ( 'NONE', ( #602 ), #2186, .T. ) ;
#1364 = DIRECTION ( 'NONE',  ( -1.000000000000000000, 0.000000000000000000, -0.000000000000000000 ) ) ;
#1365 = CARTESIAN_POINT ( 'NONE',  ( -276.1696752149768486, -72.26124408926341403, 145.0000000000000000 ) ) ;
#1366 = ORIENTED_EDGE ( 'NONE', *, *, #1992, .T. ) ;
#1367 = AXIS2_PLACEMENT_3D ( 'NONE', #753, #2149, #1284 ) ;
#1368 = VECTOR ( 'NONE', #2276, 1000.000000000000000 ) ;
#1369 = ORIENTED_EDGE ( 'NONE', *, *, #1195, .T. ) ;
#1370 = CARTESIAN_POINT ( 'NONE',  ( -152.6192284691789780, 35.58509284988614496, 145.0000000000000000 ) ) ;
#1371 = CARTESIAN_POINT ( 'NONE',  ( -132.6192284691789496, 15.58509284988615740, 5.000000000000000000 ) ) ;
#1372 = DIRECTION ( 'NONE',  ( -1.000000000000000000, 0.000000000000000000, 0.000000000000000000 ) ) ;
#1373 = CIRCLE ( 'NONE', #1337, 60.00000000000005684 ) ;
#1374 = VERTEX_POINT ( 'NONE', #430 ) ;
#1375 = PLANE ( 'NONE',  #820 ) ;
#1376 = ORIENTED_EDGE ( 'NONE', *, *, #359, .F. ) ;
#1377 = AXIS2_PLACEMENT_3D ( 'NONE', #1746, #854, #1372 ) ;
#1378 = VERTEX_POINT ( 'NONE', #750 ) ;
#1379 = ADVANCED_FACE ( 'NONE', ( #959 ), #1299, .F. ) ;
#1380 = FACE_OUTER_BOUND ( 'NONE', #549, .T. ) ;
#1381 = ORIENTED_EDGE ( 'NONE', *, *, #1823, .F. ) ;
#1382 = DIRECTION ( 'NONE',  ( 1.000000000000000000, 0.000000000000000000, 0.000000000000000000 ) ) ;
#1383 = VECTOR ( 'NONE', #721, 1000.000000000000000 ) ;
#1384 = LINE ( 'NONE', #2078, #2138 ) ;
#1385 = CIRCLE ( 'NONE', #978, 5.000000000000004441 ) ;
#1386 = EDGE_LOOP ( 'NONE', ( #2124, #2152, #1139, #1705 ) ) ;
#1387 = DIRECTION ( 'NONE',  ( 1.000000000000000000, 0.000000000000000000, 0.000000000000000000 ) ) ;
#1388 = VERTEX_POINT ( 'NONE', #1653 ) ;
#1389 = VERTEX_POINT ( 'NONE', #1144 ) ;
#1390 = ADVANCED_FACE ( 'NONE', ( #800 ), #2146, .T. ) ;
#1391 = EDGE_CURVE ( 'NONE', #1437, #82, #281, .T. ) ;
#1392 = CIRCLE ( 'NONE', #766, 60.00000000000005684 ) ;
#1393 = FACE_BOUND ( 'NONE', #157, .T. ) ;
#1394 = EDGE_CURVE ( 'NONE', #2025, #1782, #86, .T. ) ;
#1395 = DIRECTION ( 'NONE',  ( 0.000000000000000000, 0.000000000000000000, -1.000000000000000000 ) ) ;
#1396 = CARTESIAN_POINT ( 'NONE',  ( -241.1696752149768201, -22.26124408926339626, 145.0000000000000000 ) ) ;
#1397 = CIRCLE ( 'NONE', #696, 5.000000000000004441 ) ;
#1398 = VERTEX_POINT ( 'NONE', #1134 ) ;
#1399 = DIRECTION ( 'NONE',  ( 0.000000000000000000, 0.000000000000000000, 1.000000000000000000 ) ) ;
#1400 = VERTEX_POINT ( 'NONE', #230 ) ;
#1401 = AXIS2_PLACEMENT_3D ( 'NONE', #382, #1430, #2121 ) ;
#1402 = ORIENTED_EDGE ( 'NONE', *, *, #1324, .T. ) ;
#1403 = FACE_OUTER_BOUND ( 'NONE', #316, .T. ) ;
#1404 = DIRECTION ( 'NONE',  ( 0.000000000000000000, 0.000000000000000000, 1.000000000000000000 ) ) ;
#1405 = DIRECTION ( 'NONE',  ( 0.000000000000000000, 0.000000000000000000, 1.000000000000000000 ) ) ;
#1406 = CARTESIAN_POINT ( 'NONE',  ( -253.4021830371259796, -104.6511619520792209, 60.00000000000000000 ) ) ;
#1407 = FACE_BOUND ( 'NONE', #1645, .T. ) ;
#1408 = VERTEX_POINT ( 'NONE', #1483 ) ;
#1409 = AXIS2_PLACEMENT_3D ( 'NONE', #961, #1512, #53 ) ;
#1410 = ORIENTED_EDGE ( 'NONE', *, *, #1258, .F. ) ;
#1411 = FACE_BOUND ( 'NONE', #249, .T. ) ;
#1412 = CARTESIAN_POINT ( 'NONE',  ( -346.0992284691789678, 18.07509284988614695, 150.0000000000000000 ) ) ;
#1413 = CARTESIAN_POINT ( 'NONE',  ( -253.4636485081563251, -109.6507841373919376, 60.00000000000000000 ) ) ;
#1414 = EDGE_CURVE ( 'NONE', #1028, #319, #788, .T. ) ;
#1415 = EDGE_CURVE ( 'NONE', #1739, #1408, #2174, .T. ) ;
#1416 = DIRECTION ( 'NONE',  ( -0.01229309420606764652, -0.9999244370625416378, 0.000000000000000000 ) ) ;
#1417 = CARTESIAN_POINT ( 'NONE',  ( -352.6192284691789496, 15.58509284988615207, 5.000000000000000000 ) ) ;
#1418 = ORIENTED_EDGE ( 'NONE', *, *, #1501, .T. ) ;
#1419 = EDGE_CURVE ( 'NONE', #679, #134, #933, .T. ) ;
#1420 = ORIENTED_EDGE ( 'NONE', *, *, #1891, .F. ) ;
#1421 = DIRECTION ( 'NONE',  ( -1.000000000000000000, 0.000000000000000000, 0.000000000000000000 ) ) ;
#1422 = AXIS2_PLACEMENT_3D ( 'NONE', #544, #719, #1421 ) ;
#1423 = DIRECTION ( 'NONE',  ( -1.000000000000000000, 0.000000000000000000, 0.000000000000000000 ) ) ;
#1424 = CARTESIAN_POINT ( 'NONE',  ( -254.9982586585511797, -114.4094574489678564, 60.00000000000000000 ) ) ;
#1425 = LINE ( 'NONE', #547, #1336 ) ;
#1426 = FACE_OUTER_BOUND ( 'NONE', #1681, .T. ) ;
#1427 = ORIENTED_EDGE ( 'NONE', *, *, #115, .T. ) ;
#1428 = EDGE_LOOP ( 'NONE', ( #1625, #675, #694, #1879 ) ) ;
#1429 = PRODUCT_DEFINITION ( 'UNKNOWN', '', #1341, #1463 ) ;
#1430 = DIRECTION ( 'NONE',  ( -0.000000000000000000, 0.000000000000000000, -1.000000000000000000 ) ) ;
#1431 = ORIENTED_EDGE ( 'NONE', *, *, #187, .T. ) ;
#1432 = DIRECTION ( 'NONE',  ( 1.000000000000000000, 0.000000000000000000, 0.000000000000000000 ) ) ;
#1433 = FACE_OUTER_BOUND ( 'NONE', #1551, .T. ) ;
#1434 = DIRECTION ( 'NONE',  ( -0.000000000000000000, -0.000000000000000000, -1.000000000000000000 ) ) ;
#1435 = LINE ( 'NONE', #897, #2281 ) ;
#1436 = CARTESIAN_POINT ( 'NONE',  ( -286.0992284691789678, -1.924907150113855270, 5.000000000000000000 ) ) ;
#1437 = VERTEX_POINT ( 'NONE', #257 ) ;
#1438 = ORIENTED_EDGE ( 'NONE', *, *, #2158, .T. ) ;
#1439 = CARTESIAN_POINT ( 'NONE',  ( -207.6192284691788927, -105.2140186567210804, 90.00000000000000000 ) ) ;
#1440 = VECTOR ( 'NONE', #898, 1000.000000000000000 ) ;
#1441 = ORIENTED_EDGE ( 'NONE', *, *, #116, .T. ) ;
#1442 = VERTEX_POINT ( 'NONE', #2197 ) ;
#1443 = AXIS2_PLACEMENT_3D ( 'NONE', #1351, #1652, #1310 ) ;
#1444 = EDGE_CURVE ( 'NONE', #1190, #609, #1320, .T. ) ;
#1445 = EDGE_LOOP ( 'NONE', ( #327, #1206, #2164, #1253 ) ) ;
#1446 = DIRECTION ( 'NONE',  ( 0.000000000000000000, -1.000000000000000000, 0.000000000000000000 ) ) ;
#1447 = ADVANCED_FACE ( 'NONE', ( #1157 ), #269, .T. ) ;
#1448 = CIRCLE ( 'NONE', #41, 20.00000000000001776 ) ;
#1449 = CARTESIAN_POINT ( 'NONE',  ( -253.4636485081563251, -109.6507841373919376, 145.0000000000000000 ) ) ;
#1450 = DIRECTION ( 'NONE',  ( -0.000000000000000000, -0.000000000000000000, 1.000000000000000000 ) ) ;
#1451 = CARTESIAN_POINT ( 'NONE',  ( -241.1696752149768201, -22.26124408926339626, 75.00000000000001421 ) ) ;
#1452 = DIRECTION ( 'NONE',  ( -0.000000000000000000, -0.000000000000000000, -1.000000000000000000 ) ) ;
#1453 = CARTESIAN_POINT ( 'NONE',  ( -346.0992284691789678, -1.924907150113855270, 5.000000000000000000 ) ) ;
#1454 = ORIENTED_EDGE ( 'NONE', *, *, #2191, .T. ) ;
#1455 = VERTEX_POINT ( 'NONE', #2022 ) ;
#1456 = CARTESIAN_POINT ( 'NONE',  ( -346.0992284691789678, 4.075092849886146062, 5.000000000000000000 ) ) ;
#1457 = EDGE_LOOP ( 'NONE', ( #1048, #1714, #566, #1626 ) ) ;
#1458 = VECTOR ( 'NONE', #592, 1000.000000000000000 ) ;
#1459 = EDGE_LOOP ( 'NONE', ( #2148, #1082, #617, #783 ) ) ;
#1460 = DIRECTION ( 'NONE',  ( -0.000000000000000000, 1.000000000000000000, -0.000000000000000000 ) ) ;
#1461 = EDGE_CURVE ( 'NONE', #2246, #595, #217, .T. ) ;
#1462 = EDGE_CURVE ( 'NONE', #1787, #426, #1392, .T. ) ;
#1463 = PRODUCT_DEFINITION_CONTEXT ( 'detailed design', #1287, 'design' ) ;
#1464 = EDGE_CURVE ( 'NONE', #1762, #1343, #358, .T. ) ;
#1465 = CARTESIAN_POINT ( 'NONE',  ( -207.6192284691788927, -105.2140186567210804, 90.00000000000000000 ) ) ;
#1466 = FACE_OUTER_BOUND ( 'NONE', #1799, .T. ) ;
#1467 = CIRCLE ( 'NONE', #1238, 49.99999999999998579 ) ;
#1468 = DIRECTION ( 'NONE',  ( 0.9999244370625416378, -0.01229309420606764652, 0.000000000000000000 ) ) ;
#1469 = DIRECTION ( 'NONE',  ( -0.000000000000000000, -0.000000000000000000, 1.000000000000000000 ) ) ;
#1470 = ORIENTED_EDGE ( 'NONE', *, *, #2101, .F. ) ;
#1471 = DIRECTION ( 'NONE',  ( -0.000000000000000000, -0.000000000000000000, -1.000000000000000000 ) ) ;
#1472 = FACE_OUTER_BOUND ( 'NONE', #2178, .T. ) ;
#1473 = VERTEX_POINT ( 'NONE', #1002 ) ;
#1474 = ORIENTED_EDGE ( 'NONE', *, *, #1034, .F. ) ;
#1475 = VECTOR ( 'NONE', #620, 1000.000000000000000 ) ;
#1476 = PLANE ( 'NONE',  #990 ) ;
#1477 = ORIENTED_EDGE ( 'NONE', *, *, #1414, .F. ) ;
#1478 = LINE ( 'NONE', #226, #515 ) ;
#1479 = CARTESIAN_POINT ( 'NONE',  ( -372.6192284691790064, -134.4149071501138906, 145.0000000000000000 ) ) ;
#1480 = VECTOR ( 'NONE', #615, 1000.000000000000000 ) ;
#1481 = AXIS2_PLACEMENT_3D ( 'NONE', #1897, #336, #666 ) ;
#1482 = DIRECTION ( 'NONE',  ( -6.167905692361988450E-16, -1.000000000000000000, 0.000000000000000000 ) ) ;
#1483 = CARTESIAN_POINT ( 'NONE',  ( -253.4021830371259796, -104.6511619520792209, 4.999999999999997335 ) ) ;
#1484 = FACE_OUTER_BOUND ( 'NONE', #1994, .T. ) ;
#1485 = DIRECTION ( 'NONE',  ( -0.000000000000000000, 1.000000000000000000, -0.000000000000000000 ) ) ;
#1486 = VERTEX_POINT ( 'NONE', #288 ) ;
#1487 = ORIENTED_EDGE ( 'NONE', *, *, #528, .F. ) ;
#1488 = CIRCLE ( 'NONE', #1000, 5.000000000000004441 ) ;
#1489 = ORIENTED_EDGE ( 'NONE', *, *, #1077, .F. ) ;
#1490 = AXIS2_PLACEMENT_3D ( 'NONE', #1276, #400, #1958 ) ;
#1491 = DIRECTION ( 'NONE',  ( 0.000000000000000000, -1.000000000000000000, 0.000000000000000000 ) ) ;
#1492 = DIRECTION ( 'NONE',  ( 0.000000000000000000, -1.000000000000000000, 0.000000000000000000 ) ) ;
#1493 = AXIS2_PLACEMENT_3D ( 'NONE', #691, #1556, #315 ) ;
#1494 = DIRECTION ( 'NONE',  ( 0.000000000000000000, 0.000000000000000000, 1.000000000000000000 ) ) ;
#1495 = DIRECTION ( 'NONE',  ( 1.000000000000000000, 0.000000000000000000, 0.000000000000000000 ) ) ;
#1496 = EDGE_CURVE ( 'NONE', #1059, #1865, #843, .T. ) ;
#1497 = FACE_OUTER_BOUND ( 'NONE', #1614, .T. ) ;
#1498 = EDGE_CURVE ( 'NONE', #2060, #891, #1055, .T. ) ;
#1499 = CARTESIAN_POINT ( 'NONE',  ( -346.0992284691789678, 18.07509284988614695, 5.000000000000000000 ) ) ;
#1500 = ORIENTED_EDGE ( 'NONE', *, *, #2028, .F. ) ;
#1501 = EDGE_CURVE ( 'NONE', #1899, #1521, #1517, .T. ) ;
#1502 = VECTOR ( 'NONE', #579, 1000.000000000000000 ) ;
#1503 = ORIENTED_EDGE ( 'NONE', *, *, #1862, .T. ) ;
#1504 = VECTOR ( 'NONE', #2040, 1000.000000000000000 ) ;
#1505 = CARTESIAN_POINT ( 'NONE',  ( -286.0992284691789678, 4.075092849886146062, 5.000000000000000000 ) ) ;
#1506 = CARTESIAN_POINT ( 'NONE',  ( -238.2827665236802943, -17.72970515408014691, 75.00000000000001421 ) ) ;
#1507 = DIRECTION ( 'NONE',  ( -0.000000000000000000, 1.000000000000000000, -0.000000000000000000 ) ) ;
#1508 = DIRECTION ( 'NONE',  ( 0.000000000000000000, 0.000000000000000000, 1.000000000000000000 ) ) ;
#1509 = DIRECTION ( 'NONE',  ( 1.000000000000000000, 0.000000000000000000, 0.000000000000000000 ) ) ;
#1510 = VECTOR ( 'NONE', #1830, 1000.000000000000000 ) ;
#1511 = PRODUCT_RELATED_PRODUCT_CATEGORY ( 'part', '', ( #495 ) ) ;
#1512 = DIRECTION ( 'NONE',  ( -0.000000000000000000, -0.000000000000000000, 1.000000000000000000 ) ) ;
#1513 = VERTEX_POINT ( 'NONE', #462 ) ;
#1514 = ORIENTED_EDGE ( 'NONE', *, *, #438, .T. ) ;
#1515 = DIRECTION ( 'NONE',  ( -1.000000000000000000, -0.000000000000000000, -0.000000000000000000 ) ) ;
#1516 = CARTESIAN_POINT ( 'NONE',  ( -346.0992284691789678, 18.07509284988614695, 145.0000000000000000 ) ) ;
#1517 = LINE ( 'NONE', #809, #654 ) ;
#1518 = LINE ( 'NONE', #258, #1480 ) ;
#1519 = CARTESIAN_POINT ( 'NONE',  ( -346.0992284691789678, 24.07509284988614695, 145.0000000000000000 ) ) ;
#1520 = ORIENTED_EDGE ( 'NONE', *, *, #128, .T. ) ;
#1521 = VERTEX_POINT ( 'NONE', #1187 ) ;
#1522 = EDGE_CURVE ( 'NONE', #1389, #708, #1859, .T. ) ;
#1523 = CIRCLE ( 'NONE', #2095, 50.00000000000001421 ) ;
#1524 = PLANE ( 'NONE',  #2190 ) ;
#1525 = EDGE_CURVE ( 'NONE', #1234, #113, #852, .T. ) ;
#1526 = VECTOR ( 'NONE', #1492, 1000.000000000000000 ) ;
#1527 = LINE ( 'NONE', #829, #503 ) ;
#1528 = DIRECTION ( 'NONE',  ( -1.000000000000000000, -3.469446951953617270E-17, 0.000000000000000000 ) ) ;
#1529 = DIRECTION ( 'NONE',  ( 1.000000000000000000, 0.000000000000000000, 0.000000000000000000 ) ) ;
#1530 = CIRCLE ( 'NONE', #2211, 19.99999999999998934 ) ;
#1531 = ORIENTED_EDGE ( 'NONE', *, *, #2125, .F. ) ;
#1532 = LINE ( 'NONE', #1713, #554 ) ;
#1533 = VERTEX_POINT ( 'NONE', #1883 ) ;
#1534 = ORIENTED_EDGE ( 'NONE', *, *, #59, .F. ) ;
#1535 = ADVANCED_FACE ( 'NONE', ( #1710 ), #1174, .T. ) ;
#1536 = FACE_OUTER_BOUND ( 'NONE', #1428, .T. ) ;
#1537 = EDGE_CURVE ( 'NONE', #1552, #338, #120, .T. ) ;
#1538 = FACE_OUTER_BOUND ( 'NONE', #260, .T. ) ;
#1539 = CARTESIAN_POINT ( 'NONE',  ( -346.0992284691789678, 14.07509284988614873, 150.0000000000000000 ) ) ;
#1540 = CARTESIAN_POINT ( 'NONE',  ( -286.0992284691789678, -5.924907150113859267, 145.0000000000000000 ) ) ;
#1541 = VERTEX_POINT ( 'NONE', #1850 ) ;
#1542 = DIRECTION ( 'NONE',  ( -0.000000000000000000, -0.000000000000000000, -1.000000000000000000 ) ) ;
#1543 = ORIENTED_EDGE ( 'NONE', *, *, #186, .F. ) ;
#1544 = VECTOR ( 'NONE', #553, 1000.000000000000000 ) ;
#1545 = EDGE_LOOP ( 'NONE', ( #143, #925, #381, #793 ) ) ;
#1546 = LINE ( 'NONE', #2039, #1893 ) ;
#1547 = DIRECTION ( 'NONE',  ( 0.000000000000000000, 0.000000000000000000, 1.000000000000000000 ) ) ;
#1548 = CARTESIAN_POINT ( 'NONE',  ( -346.0992284691789678, 18.07509284988614695, 145.0000000000000000 ) ) ;
#1549 = FACE_OUTER_BOUND ( 'NONE', #2179, .T. ) ;
#1550 = DIRECTION ( 'NONE',  ( 1.000000000000000000, 0.000000000000000000, 0.000000000000000000 ) ) ;
#1551 = EDGE_LOOP ( 'NONE', ( #975, #1256, #488, #950 ) ) ;
#1552 = VERTEX_POINT ( 'NONE', #1698 ) ;
#1553 = DIRECTION ( 'NONE',  ( -0.9063077870366492705, -0.4226182617407009401, 0.000000000000000000 ) ) ;
#1554 = DIRECTION ( 'NONE',  ( 0.000000000000000000, 0.000000000000000000, 1.000000000000000000 ) ) ;
#1555 = AXIS2_PLACEMENT_3D ( 'NONE', #268, #85, #1280 ) ;
#1556 = DIRECTION ( 'NONE',  ( -0.000000000000000000, -0.000000000000000000, -1.000000000000000000 ) ) ;
#1557 = CARTESIAN_POINT ( 'NONE',  ( -152.6192284691788927, -134.4149071501139190, 0.000000000000000000 ) ) ;
#1558 = LINE ( 'NONE', #513, #1636 ) ;
#1559 = ORIENTED_EDGE ( 'NONE', *, *, #186, .T. ) ;
#1560 = ADVANCED_FACE ( 'NONE', ( #279 ), #656, .T. ) ;
#1561 = EDGE_CURVE ( 'NONE', #1899, #1442, #819, .T. ) ;
#1562 = CIRCLE ( 'NONE', #861, 5.000000000000004441 ) ;
#1563 = ADVANCED_FACE ( 'NONE', ( #980 ), #2239, .F. ) ;
#1564 = ORIENTED_EDGE ( 'NONE', *, *, #1209, .T. ) ;
#1565 = CARTESIAN_POINT ( 'NONE',  ( -152.6192284691789496, -114.4149071501139048, 145.0000000000000000 ) ) ;
#1566 = LINE ( 'NONE', #343, #1355 ) ;
#1567 = AXIS2_PLACEMENT_3D ( 'NONE', #1413, #203, #2108 ) ;
#1568 = CARTESIAN_POINT ( 'NONE',  ( -286.0992284691789678, 4.075092849886146062, 0.000000000000000000 ) ) ;
#1569 = AXIS2_PLACEMENT_3D ( 'NONE', #298, #1707, #828 ) ;
#1570 = FACE_OUTER_BOUND ( 'NONE', #1457, .T. ) ;
#1571 = DIRECTION ( 'NONE',  ( -1.000000000000000000, 0.000000000000000000, 0.000000000000000000 ) ) ;
#1572 = ORIENTED_EDGE ( 'NONE', *, *, #739, .F. ) ;
#1573 = ORIENTED_EDGE ( 'NONE', *, *, #640, .F. ) ;
#1574 = VECTOR ( 'NONE', #776, 1000.000000000000000 ) ;
#1575 = LINE ( 'NONE', #1934, #765 ) ;
#1576 = CARTESIAN_POINT ( 'NONE',  ( -346.0992284691789678, 14.07509284988614873, 145.0000000000000000 ) ) ;
#1577 = LINE ( 'NONE', #1188, #972 ) ;
#1578 = CIRCLE ( 'NONE', #1979, 5.000000000000004441 ) ;
#1579 = DIRECTION ( 'NONE',  ( -1.000000000000000000, -0.000000000000000000, 0.000000000000000000 ) ) ;
#1580 = DIRECTION ( 'NONE',  ( -1.000000000000000000, 0.000000000000000000, 0.000000000000000000 ) ) ;
#1581 = ORIENTED_EDGE ( 'NONE', *, *, #237, .F. ) ;
#1582 = AXIS2_PLACEMENT_3D ( 'NONE', #960, #1666, #444 ) ;
#1583 = ORIENTED_EDGE ( 'NONE', *, *, #1498, .F. ) ;
#1584 = CIRCLE ( 'NONE', #181, 50.00000000000001421 ) ;
#1585 = CARTESIAN_POINT ( 'NONE',  ( -346.0992284691789678, 24.07509284988614695, 0.000000000000000000 ) ) ;
#1586 = EDGE_CURVE ( 'NONE', #1963, #679, #1895, .T. ) ;
#1587 = EDGE_CURVE ( 'NONE', #1271, #406, #1024, .T. ) ;
#1588 = EDGE_CURVE ( 'NONE', #825, #338, #1349, .T. ) ;
#1589 = LINE ( 'NONE', #1249, #1207 ) ;
#1590 = CIRCLE ( 'NONE', #183, 50.00000000000001421 ) ;
#1591 = PLANE ( 'NONE',  #1567 ) ;
#1592 = DIRECTION ( 'NONE',  ( 0.000000000000000000, 1.000000000000000000, 0.000000000000000000 ) ) ;
#1593 = DIRECTION ( 'NONE',  ( -0.000000000000000000, -0.000000000000000000, 1.000000000000000000 ) ) ;
#1594 = EDGE_LOOP ( 'NONE', ( #1559, #860, #1202, #1741 ) ) ;
#1595 = AXIS2_PLACEMENT_3D ( 'NONE', #1841, #625, #2024 ) ;
#1596 = ORIENTED_EDGE ( 'NONE', *, *, #389, .T. ) ;
#1597 = DIRECTION ( 'NONE',  ( -1.000000000000000000, -0.000000000000000000, 0.000000000000000000 ) ) ;
#1598 = EDGE_CURVE ( 'NONE', #319, #1083, #2252, .T. ) ;
#1599 = EDGE_CURVE ( 'NONE', #2083, #1811, #2077, .T. ) ;
#1600 = DIRECTION ( 'NONE',  ( 1.000000000000000000, 0.000000000000000000, 0.000000000000000000 ) ) ;
#1601 = PLANE ( 'NONE',  #1086 ) ;
#1602 = APPLICATION_PROTOCOL_DEFINITION ( 'draft international standard', 'automotive_design', 1998, #1090 ) ;
#1603 = CARTESIAN_POINT ( 'NONE',  ( -312.6192284691788927, -134.4149071501138906, 5.000000000000000000 ) ) ;
#1604 = CARTESIAN_POINT ( 'NONE',  ( -346.0992284691789678, -5.924907150113859267, 145.0000000000000000 ) ) ;
#1605 = ORIENTED_EDGE ( 'NONE', *, *, #2004, .F. ) ;
#1606 = ORIENTED_EDGE ( 'NONE', *, *, #853, .F. ) ;
#1607 = PLANE ( 'NONE',  #1401 ) ;
#1608 = ORIENTED_EDGE ( 'NONE', *, *, #770, .F. ) ;
#1609 = LINE ( 'NONE', #19, #439 ) ;
#1610 = DIRECTION ( 'NONE',  ( -1.000000000000000000, 0.000000000000000000, 0.000000000000000000 ) ) ;
#1611 = CARTESIAN_POINT ( 'NONE',  ( -152.6192284691789496, 15.58509284988615207, 5.000000000000000000 ) ) ;
#1612 = DIRECTION ( 'NONE',  ( -1.000000000000000000, -8.326672684688672081E-16, 0.000000000000000000 ) ) ;
#1613 = DIRECTION ( 'NONE',  ( 0.000000000000000000, 0.000000000000000000, 1.000000000000000000 ) ) ;
#1614 = EDGE_LOOP ( 'NONE', ( #2076, #1733, #108, #68 ) ) ;
#1615 = EDGE_LOOP ( 'NONE', ( #2256, #39, #725, #668 ) ) ;
#1616 = PLANE ( 'NONE',  #410 ) ;
#1617 = ORIENTED_EDGE ( 'NONE', *, *, #389, .F. ) ;
#1618 = EDGE_CURVE ( 'NONE', #1343, #1928, #175, .T. ) ;
#1619 = ORIENTED_EDGE ( 'NONE', *, *, #943, .F. ) ;
#1620 = ORIENTED_EDGE ( 'NONE', *, *, #571, .T. ) ;
#1621 = CARTESIAN_POINT ( 'NONE',  ( -253.4636485081563251, -109.6507841373919376, 145.0000000000000000 ) ) ;
#1622 = DIRECTION ( 'NONE',  ( -0.000000000000000000, -0.000000000000000000, -1.000000000000000000 ) ) ;
#1623 = PLANE ( 'NONE',  #2055 ) ;
#1624 = DIRECTION ( 'NONE',  ( 0.000000000000000000, 0.000000000000000000, -1.000000000000000000 ) ) ;
#1625 = ORIENTED_EDGE ( 'NONE', *, *, #263, .F. ) ;
#1626 = ORIENTED_EDGE ( 'NONE', *, *, #471, .T. ) ;
#1627 = FACE_OUTER_BOUND ( 'NONE', #1127, .T. ) ;
#1628 = EDGE_CURVE ( 'NONE', #516, #1811, #1219, .T. ) ;
#1629 = ORIENTED_EDGE ( 'NONE', *, *, #1862, .F. ) ;
#1630 = EDGE_CURVE ( 'NONE', #250, #194, #1467, .T. ) ;
#1631 = ORIENTED_EDGE ( 'NONE', *, *, #359, .T. ) ;
#1632 = VECTOR ( 'NONE', #1988, 1000.000000000000000 ) ;
#1633 = AXIS2_PLACEMENT_3D ( 'NONE', #1506, #1803, #930 ) ;
#1634 = EDGE_CURVE ( 'NONE', #2139, #1693, #152, .T. ) ;
#1635 = CARTESIAN_POINT ( 'NONE',  ( -286.0992284691789678, 24.07509284988614695, 0.000000000000000000 ) ) ;
#1636 = VECTOR ( 'NONE', #1006, 1000.000000000000000 ) ;
#1637 = CARTESIAN_POINT ( 'NONE',  ( -229.1776833766135439, -44.83162882826483298, 75.00000000000001421 ) ) ;
#1638 = LINE ( 'NONE', #758, #789 ) ;
#1639 = PLANE ( 'NONE',  #634 ) ;
#1640 = CARTESIAN_POINT ( 'NONE',  ( -312.6192284691788927, -134.4149071501138906, 145.0000000000000000 ) ) ;
#1641 = VERTEX_POINT ( 'NONE', #20 ) ;
#1642 = DIRECTION ( 'NONE',  ( 3.469446951953617270E-17, -1.000000000000000000, 0.000000000000000000 ) ) ;
#1643 = SURFACE_STYLE_USAGE ( .BOTH. , #1810 ) ;
#1644 = ORIENTED_EDGE ( 'NONE', *, *, #1049, .T. ) ;
#1645 = EDGE_LOOP ( 'NONE', ( #501, #35, #2210, #476 ) ) ;
#1646 = LINE ( 'NONE', #241, #60 ) ;
#1647 = EDGE_LOOP ( 'NONE', ( #586, #79, #552, #826 ) ) ;
#1648 = DIRECTION ( 'NONE',  ( -1.000000000000000000, 1.734723475976807094E-16, 0.000000000000000000 ) ) ;
#1649 = PLANE ( 'NONE',  #1490 ) ;
#1650 = VECTOR ( 'NONE', #768, 1000.000000000000000 ) ;
#1651 = VECTOR ( 'NONE', #34, 1000.000000000000000 ) ;
#1652 = DIRECTION ( 'NONE',  ( 0.000000000000000000, 0.000000000000000000, 1.000000000000000000 ) ) ;
#1653 = CARTESIAN_POINT ( 'NONE',  ( -286.0992284691790246, 14.07509284988614517, 145.0000000000000000 ) ) ;
#1654 = CARTESIAN_POINT ( 'NONE',  ( -346.0992284691789678, 24.07509284988614695, 0.000000000000000000 ) ) ;
#1655 = DIRECTION ( 'NONE',  ( 0.000000000000000000, 0.000000000000000000, -1.000000000000000000 ) ) ;
#1656 = ORIENTED_EDGE ( 'NONE', *, *, #1155, .T. ) ;
#1657 = ORIENTED_EDGE ( 'NONE', *, *, #670, .T. ) ;
#1658 = EDGE_LOOP ( 'NONE', ( #1619, #543, #479, #769 ) ) ;
#1659 = EDGE_CURVE ( 'NONE', #1137, #1271, #1566, .T. ) ;
#1660 = CARTESIAN_POINT ( 'NONE',  ( -253.4021830371259796, -104.6511619520792209, 90.00000000000000000 ) ) ;
#1661 = CARTESIAN_POINT ( 'NONE',  ( -346.0992284691789678, -5.924907150113859267, 0.000000000000000000 ) ) ;
#1662 = EDGE_CURVE ( 'NONE', #1061, #384, #689, .T. ) ;
#1663 = EDGE_CURVE ( 'NONE', #915, #962, #1589, .T. ) ;
#1664 = CARTESIAN_POINT ( 'NONE',  ( -346.0992284691789678, 4.075092849886146062, 145.0000000000000000 ) ) ;
#1665 = CARTESIAN_POINT ( 'NONE',  ( -253.4636485081563251, -109.6507841373919376, 90.00000000000000000 ) ) ;
#1666 = DIRECTION ( 'NONE',  ( 0.000000000000000000, -1.000000000000000000, 0.000000000000000000 ) ) ;
#1667 = CARTESIAN_POINT ( 'NONE',  ( -346.0992284691789678, -5.924907150113859267, 5.000000000000000000 ) ) ;
#1668 = ORIENTED_EDGE ( 'NONE', *, *, #1659, .T. ) ;
#1669 = VERTEX_POINT ( 'NONE', #201 ) ;
#1670 = AXIS2_PLACEMENT_3D ( 'NONE', #1309, #74, #2000 ) ;
#1671 = LINE ( 'NONE', #1505, #1694 ) ;
#1672 = DIRECTION ( 'NONE',  ( 0.000000000000000000, 0.000000000000000000, -1.000000000000000000 ) ) ;
#1673 = CIRCLE ( 'NONE', #1261, 19.99999999999998934 ) ;
#1674 = ADVANCED_FACE ( 'NONE', ( #526 ), #894, .F. ) ;
#1675 = DIRECTION ( 'NONE',  ( 1.734723475976807094E-16, 1.000000000000000000, -0.000000000000000000 ) ) ;
#1676 = DIRECTION ( 'NONE',  ( -1.000000000000000000, -0.000000000000000000, -0.000000000000000000 ) ) ;
#1677 = FACE_OUTER_BOUND ( 'NONE', #1306, .T. ) ;
#1678 = FACE_OUTER_BOUND ( 'NONE', #306, .T. ) ;
#1679 = ORIENTED_EDGE ( 'NONE', *, *, #1995, .T. ) ;
#1680 = AXIS2_PLACEMENT_3D ( 'NONE', #176, #519, #1915 ) ;
#1681 = EDGE_LOOP ( 'NONE', ( #522, #370, #867, #40 ) ) ;
#1682 = VECTOR ( 'NONE', #2238, 1000.000000000000000 ) ;
#1683 = LINE ( 'NONE', #2018, #807 ) ;
#1684 = CARTESIAN_POINT ( 'NONE',  ( -132.6192284691789496, 15.58509284988615740, 0.000000000000000000 ) ) ;
#1685 = DIRECTION ( 'NONE',  ( -0.000000000000000000, -0.000000000000000000, -1.000000000000000000 ) ) ;
#1686 = CARTESIAN_POINT ( 'NONE',  ( -276.1696752149768486, -72.26124408926341403, 5.000000000000000000 ) ) ;
#1687 = VECTOR ( 'NONE', #1736, 999.9999999999998863 ) ;
#1688 = DIRECTION ( 'NONE',  ( -1.000000000000000000, -0.000000000000000000, 0.000000000000000000 ) ) ;
#1689 = ORIENTED_EDGE ( 'NONE', *, *, #1725, .T. ) ;
#1690 = EDGE_CURVE ( 'NONE', #597, #1083, #2107, .T. ) ;
#1691 = EDGE_CURVE ( 'NONE', #426, #1178, #1032, .T. ) ;
#1692 = VERTEX_POINT ( 'NONE', #1044 ) ;
#1693 = VERTEX_POINT ( 'NONE', #874 ) ;
#1694 = VECTOR ( 'NONE', #2193, 1000.000000000000000 ) ;
#1695 = CARTESIAN_POINT ( 'NONE',  ( -346.0992284691789678, 24.07509284988614695, 150.0000000000000000 ) ) ;
#1696 = VECTOR ( 'NONE', #66, 1000.000000000000000 ) ;
#1697 = CARTESIAN_POINT ( 'NONE',  ( -372.6192284691790064, -74.41490715011389057, 150.0000000000000000 ) ) ;
#1698 = CARTESIAN_POINT ( 'NONE',  ( -346.0992284691789678, 14.07509284988614517, 150.0000000000000000 ) ) ;
#1699 = DIRECTION ( 'NONE',  ( 1.000000000000000000, 0.000000000000000000, 0.000000000000000000 ) ) ;
#1700 = LINE ( 'NONE', #1557, #1297 ) ;
#1701 = CARTESIAN_POINT ( 'NONE',  ( -346.0992284691789678, 14.07509284988614873, 0.000000000000000000 ) ) ;
#1702 = ORIENTED_EDGE ( 'NONE', *, *, #699, .T. ) ;
#1703 = EDGE_CURVE ( 'NONE', #651, #2245, #732, .T. ) ;
#1704 = EDGE_CURVE ( 'NONE', #1455, #1552, #165, .T. ) ;
#1705 = ORIENTED_EDGE ( 'NONE', *, *, #505, .T. ) ;
#1706 = ADVANCED_FACE ( 'NONE', ( #2098 ), #1229, .T. ) ;
#1707 = DIRECTION ( 'NONE',  ( 1.000000000000000000, 0.000000000000000000, -0.000000000000000000 ) ) ;
#1708 = CIRCLE ( 'NONE', #232, 49.99999999999998579 ) ;
#1709 = DIRECTION ( 'NONE',  ( 0.000000000000000000, -0.000000000000000000, 1.000000000000000000 ) ) ;
#1710 = FACE_OUTER_BOUND ( 'NONE', #837, .T. ) ;
#1711 = CARTESIAN_POINT ( 'NONE',  ( -276.1696752149768486, -72.26124408926341403, 145.0000000000000000 ) ) ;
#1712 = EDGE_LOOP ( 'NONE', ( #581, #996, #1431, #805 ) ) ;
#1713 = CARTESIAN_POINT ( 'NONE',  ( -346.0992284691789678, -5.924907150113859267, 150.0000000000000000 ) ) ;
#1714 = ORIENTED_EDGE ( 'NONE', *, *, #1778, .F. ) ;
#1715 = ORIENTED_EDGE ( 'NONE', *, *, #1630, .F. ) ;
#1716 = CARTESIAN_POINT ( 'NONE',  ( -236.1696752149768201, -22.26124408926339626, 75.00000000000001421 ) ) ;
#1717 = DIRECTION ( 'NONE',  ( -0.000000000000000000, 1.000000000000000000, -0.000000000000000000 ) ) ;
#1718 = CARTESIAN_POINT ( 'NONE',  ( -152.6192284691789780, 35.58509284988614496, 5.000000000000000000 ) ) ;
#1719 = ORIENTED_EDGE ( 'NONE', *, *, #2087, .F. ) ;
#1720 = DIRECTION ( 'NONE',  ( 0.000000000000000000, -1.000000000000000000, 0.000000000000000000 ) ) ;
#1721 = ORIENTED_EDGE ( 'NONE', *, *, #1196, .T. ) ;
#1722 = AXIS2_PLACEMENT_3D ( 'NONE', #2282, #903, #710 ) ;
#1723 = ORIENTED_EDGE ( 'NONE', *, *, #541, .T. ) ;
#1724 = LINE ( 'NONE', #2064, #1785 ) ;
#1725 = EDGE_CURVE ( 'NONE', #5, #2072, #8, .T. ) ;
#1726 = VERTEX_POINT ( 'NONE', #1237 ) ;
#1727 = EDGE_CURVE ( 'NONE', #1178, #2246, #253, .T. ) ;
#1728 = DIRECTION ( 'NONE',  ( -6.167905692361988450E-16, -1.000000000000000000, -0.000000000000000000 ) ) ;
#1729 = DIRECTION ( 'NONE',  ( 1.000000000000000000, -6.167905692361988450E-16, 0.000000000000000000 ) ) ;
#1730 = ADVANCED_FACE ( 'NONE', ( #1433 ), #1765, .T. ) ;
#1731 = ORIENTED_EDGE ( 'NONE', *, *, #308, .F. ) ;
#1732 = LINE ( 'NONE', #2070, #2065 ) ;
#1733 = ORIENTED_EDGE ( 'NONE', *, *, #2240, .F. ) ;
#1734 = VERTEX_POINT ( 'NONE', #375 ) ;
#1735 = CARTESIAN_POINT ( 'NONE',  ( -286.0992284691789678, -5.924907150113859267, 5.000000000000000000 ) ) ;
#1736 = DIRECTION ( 'NONE',  ( -0.9063077870366492705, -0.4226182617407009401, -0.000000000000000000 ) ) ;
#1737 = VECTOR ( 'NONE', #278, 1000.000000000000000 ) ;
#1738 = DIRECTION ( 'NONE',  ( 1.000000000000000000, 0.000000000000000000, 0.000000000000000000 ) ) ;
#1739 = VERTEX_POINT ( 'NONE', #1078 ) ;
#1740 = DIRECTION ( 'NONE',  ( -1.000000000000000000, -0.000000000000000000, 0.000000000000000000 ) ) ;
#1741 = ORIENTED_EDGE ( 'NONE', *, *, #223, .T. ) ;
#1742 = VECTOR ( 'NONE', #1817, 1000.000000000000000 ) ;
#1743 = ORIENTED_EDGE ( 'NONE', *, *, #1114, .F. ) ;
#1744 = FACE_OUTER_BOUND ( 'NONE', #136, .T. ) ;
#1745 = CARTESIAN_POINT ( 'NONE',  ( -346.0992284691789678, -11.92490715011385660, 0.000000000000000000 ) ) ;
#1746 = CARTESIAN_POINT ( 'NONE',  ( -235.9889462669782461, 22.73839298757709315, 75.00000000000001421 ) ) ;
#1747 = LINE ( 'NONE', #1780, #596 ) ;
#1748 = DIRECTION ( 'NONE',  ( -1.000000000000000000, 0.000000000000000000, 0.000000000000000000 ) ) ;
#1749 = ORIENTED_EDGE ( 'NONE', *, *, #438, .F. ) ;
#1750 = EDGE_CURVE ( 'NONE', #2071, #395, #1708, .T. ) ;
#1751 = ORIENTED_EDGE ( 'NONE', *, *, #266, .F. ) ;
#1752 = ADVANCED_FACE ( 'NONE', ( #612 ), #84, .T. ) ;
#1753 = CARTESIAN_POINT ( 'NONE',  ( -286.0992284691789678, -11.92490715011385660, 5.000000000000000000 ) ) ;
#1754 = UNCERTAINTY_MEASURE_WITH_UNIT (LENGTH_MEASURE( 1.000000000000000082E-05 ), #1105, 'distance_accuracy_value', 'NONE');
#1755 = DIRECTION ( 'NONE',  ( -0.000000000000000000, -0.000000000000000000, 1.000000000000000000 ) ) ;
#1756 = DIRECTION ( 'NONE',  ( 0.000000000000000000, 0.000000000000000000, 1.000000000000000000 ) ) ;
#1757 = VECTOR ( 'NONE', #62, 1000.000000000000000 ) ;
#1758 = LINE ( 'NONE', #749, #2175 ) ;
#1759 = CARTESIAN_POINT ( 'NONE',  ( -346.0992284691789678, 8.075092849886148727, 150.0000000000000000 ) ) ;
#1760 = EDGE_LOOP ( 'NONE', ( #2236, #392, #857, #2220 ) ) ;
#1761 = AXIS2_PLACEMENT_3D ( 'NONE', #1686, #1350, #1509 ) ;
#1762 = VERTEX_POINT ( 'NONE', #945 ) ;
#1763 = EDGE_CURVE ( 'NONE', #1928, #609, #46, .T. ) ;
#1764 = LINE ( 'NONE', #688, #1932 ) ;
#1765 = CYLINDRICAL_SURFACE ( 'NONE', #1225, 5.000000000000004441 ) ;
#1766 = DIRECTION ( 'NONE',  ( -1.000000000000000000, 0.000000000000000000, -0.000000000000000000 ) ) ;
#1767 =( NAMED_UNIT ( * ) SI_UNIT ( $, .STERADIAN. ) SOLID_ANGLE_UNIT ( ) );
#1768 = CARTESIAN_POINT ( 'NONE',  ( -346.0992284691789678, 18.07509284988614695, 145.0000000000000000 ) ) ;
#1769 = DIRECTION ( 'NONE',  ( 0.000000000000000000, 0.000000000000000000, 1.000000000000000000 ) ) ;
#1770 = EDGE_LOOP ( 'NONE', ( #207, #832, #942, #273 ) ) ;
#1771 = CARTESIAN_POINT ( 'NONE',  ( -275.9889462669783029, -27.26160701242294593, 145.0000000000000000 ) ) ;
#1772 = CIRCLE ( 'NONE', #1595, 5.000000000000004441 ) ;
#1773 = CIRCLE ( 'NONE', #1848, 5.000000000000004441 ) ;
#1774 = ORIENTED_EDGE ( 'NONE', *, *, #1464, .F. ) ;
#1775 = CARTESIAN_POINT ( 'NONE',  ( -346.0992284691789678, -11.92490715011385660, 0.000000000000000000 ) ) ;
#1776 = CARTESIAN_POINT ( 'NONE',  ( -235.9889462669782461, 22.73839298757709315, 145.0000000000000000 ) ) ;
#1777 = LINE ( 'NONE', #190, #797 ) ;
#1778 = EDGE_CURVE ( 'NONE', #594, #2245, #387, .T. ) ;
#1779 = AXIS2_PLACEMENT_3D ( 'NONE', #376, #1766, #365 ) ;
#1780 = CARTESIAN_POINT ( 'NONE',  ( -346.0992284691789678, 4.075092849886146062, 145.0000000000000000 ) ) ;
#1781 = FACE_BOUND ( 'NONE', #407, .T. ) ;
#1782 = VERTEX_POINT ( 'NONE', #2143 ) ;
#1783 = EDGE_LOOP ( 'NONE', ( #1035, #2135, #974, #1129 ) ) ;
#1784 = DIRECTION ( 'NONE',  ( 0.000000000000000000, 1.000000000000000000, 0.000000000000000000 ) ) ;
#1785 = VECTOR ( 'NONE', #1162, 1000.000000000000000 ) ;
#1786 = ORIENTED_EDGE ( 'NONE', *, *, #1920, .T. ) ;
#1787 = VERTEX_POINT ( 'NONE', #575 ) ;
#1788 = PLANE ( 'NONE',  #2011 ) ;
#1789 = CARTESIAN_POINT ( 'NONE',  ( -152.6192284691789496, 15.58509284988615207, 145.0000000000000000 ) ) ;
#1790 = EDGE_CURVE ( 'NONE', #1726, #1473, #918, .T. ) ;
#1791 = EDGE_CURVE ( 'NONE', #1928, #1963, #421, .T. ) ;
#1792 = FACE_OUTER_BOUND ( 'NONE', #568, .T. ) ;
#1793 = CARTESIAN_POINT ( 'NONE',  ( -132.6192284691789496, -114.4149071501139048, 5.000000000000000000 ) ) ;
#1794 = ORIENTED_EDGE ( 'NONE', *, *, #1155, .F. ) ;
#1795 = VERTEX_POINT ( 'NONE', #1987 ) ;
#1796 = EDGE_CURVE ( 'NONE', #1486, #1408, #244, .T. ) ;
#1797 = CARTESIAN_POINT ( 'NONE',  ( -278.2827665236803796, -67.72970515408016468, 75.00000000000001421 ) ) ;
#1798 = VECTOR ( 'NONE', #1491, 1000.000000000000000 ) ;
#1799 = EDGE_LOOP ( 'NONE', ( #1629, #361, #1100, #434 ) ) ;
#1800 = EDGE_LOOP ( 'NONE', ( #660, #794, #1998, #2007 ) ) ;
#1801 = DIRECTION ( 'NONE',  ( -0.000000000000000000, -0.000000000000000000, 1.000000000000000000 ) ) ;
#1802 = DIRECTION ( 'NONE',  ( 0.000000000000000000, -1.000000000000000000, 0.000000000000000000 ) ) ;
#1803 = DIRECTION ( 'NONE',  ( 0.4226182617407010511, -0.9063077870366492705, 0.000000000000000000 ) ) ;
#1804 =( NAMED_UNIT ( * ) PLANE_ANGLE_UNIT ( ) SI_UNIT ( $, .RADIAN. ) );
#1805 = DIRECTION ( 'NONE',  ( 0.000000000000000000, 0.000000000000000000, -1.000000000000000000 ) ) ;
#1806 = DIRECTION ( 'NONE',  ( 1.000000000000000000, 0.000000000000000000, 0.000000000000000000 ) ) ;
#1807 = EDGE_LOOP ( 'NONE', ( #393, #1608, #1069, #1097 ) ) ;
#1808 = ORIENTED_EDGE ( 'NONE', *, *, #1790, .F. ) ;
#1809 = DIRECTION ( 'NONE',  ( -1.000000000000000000, 0.000000000000000000, 0.000000000000000000 ) ) ;
#1810 = SURFACE_SIDE_STYLE ('',( #1832 ) ) ;
#1811 = VERTEX_POINT ( 'NONE', #265 ) ;
#1812 = VERTEX_POINT ( 'NONE', #747 ) ;
#1813 = DIRECTION ( 'NONE',  ( -1.000000000000000000, 0.000000000000000000, 0.000000000000000000 ) ) ;
#1814 = ORIENTED_EDGE ( 'NONE', *, *, #2086, .T. ) ;
#1815 = DIRECTION ( 'NONE',  ( 0.000000000000000000, 0.000000000000000000, -1.000000000000000000 ) ) ;
#1816 = DIRECTION ( 'NONE',  ( 1.000000000000000000, 0.000000000000000000, 0.000000000000000000 ) ) ;
#1817 = DIRECTION ( 'NONE',  ( -0.000000000000000000, -0.000000000000000000, -1.000000000000000000 ) ) ;
#1818 = CARTESIAN_POINT ( 'NONE',  ( -346.0992284691789678, 14.07509284988614873, 5.000000000000000000 ) ) ;
#1819 = CARTESIAN_POINT ( 'NONE',  ( -132.6192284691789496, -114.4149071501139048, 145.0000000000000000 ) ) ;
#1820 = FACE_BOUND ( 'NONE', #2218, .T. ) ;
#1821 = ORIENTED_EDGE ( 'NONE', *, *, #1464, .T. ) ;
#1822 = VERTEX_POINT ( 'NONE', #417 ) ;
#1823 = EDGE_CURVE ( 'NONE', #1889, #195, #1373, .T. ) ;
#1824 = ADVANCED_FACE ( 'NONE', ( #31 ), #1649, .T. ) ;
#1825 = ORIENTED_EDGE ( 'NONE', *, *, #408, .F. ) ;
#1826 = ADVANCED_FACE ( 'NONE', ( #1121 ), #1104, .F. ) ;
#1827 = CARTESIAN_POINT ( 'NONE',  ( -281.1696752149769054, -72.26124408926341403, 5.000000000000000000 ) ) ;
#1828 = DIRECTION ( 'NONE',  ( 1.000000000000000000, 0.000000000000000000, 0.000000000000000000 ) ) ;
#1829 = LINE ( 'NONE', #2012, #1737 ) ;
#1830 = DIRECTION ( 'NONE',  ( -0.9999244370625416378, 0.01229309420606764652, 0.000000000000000000 ) ) ;
#1831 = CARTESIAN_POINT ( 'NONE',  ( -253.4636485081563251, -109.6507841373919376, 90.00000000000000000 ) ) ;
#1832 = SURFACE_STYLE_FILL_AREA ( #1112 ) ;
#1833 = ORIENTED_EDGE ( 'NONE', *, *, #1179, .T. ) ;
#1834 = ORIENTED_EDGE ( 'NONE', *, *, #1956, .F. ) ;
#1835 = EDGE_CURVE ( 'NONE', #1028, #597, #1638, .T. ) ;
#1836 = CARTESIAN_POINT ( 'NONE',  ( -253.4636485081563251, -109.6507841373919376, 90.00000000000000000 ) ) ;
#1837 = DIRECTION ( 'NONE',  ( -0.000000000000000000, -0.000000000000000000, 1.000000000000000000 ) ) ;
#1838 = DIRECTION ( 'NONE',  ( -1.000000000000000000, 1.734723475976807094E-16, 0.000000000000000000 ) ) ;
#1839 = CARTESIAN_POINT ( 'NONE',  ( -352.6192284691788359, 35.58509284988614496, 145.0000000000000000 ) ) ;
#1840 = CARTESIAN_POINT ( 'NONE',  ( -346.0992284691789678, 24.07509284988614695, 145.0000000000000000 ) ) ;
#1841 = CARTESIAN_POINT ( 'NONE',  ( -253.4636485081563251, -109.6507841373919376, 4.999999999999997335 ) ) ;
#1842 = ORIENTED_EDGE ( 'NONE', *, *, #118, .F. ) ;
#1843 = VECTOR ( 'NONE', #179, 1000.000000000000000 ) ;
#1844 = VECTOR ( 'NONE', #1805, 1000.000000000000000 ) ;
#1845 = ORIENTED_EDGE ( 'NONE', *, *, #1074, .F. ) ;
#1846 = ORIENTED_EDGE ( 'NONE', *, *, #221, .T. ) ;
#1847 = CARTESIAN_POINT ( 'NONE',  ( -346.0992284691789678, 4.075092849886146062, 150.0000000000000000 ) ) ;
#1848 = AXIS2_PLACEMENT_3D ( 'NONE', #703, #665, #1884 ) ;
#1849 = CARTESIAN_POINT ( 'NONE',  ( -152.6192284691788927, -134.4149071501139190, 5.000000000000000000 ) ) ;
#1850 = CARTESIAN_POINT ( 'NONE',  ( -286.0992284691789678, -1.924907150113855270, 0.000000000000000000 ) ) ;
#1851 = CARTESIAN_POINT ( 'NONE',  ( -346.0992284691789678, -5.924907150113859267, 145.0000000000000000 ) ) ;
#1852 = ADVANCED_FACE ( 'NONE', ( #1466 ), #772, .T. ) ;
#1853 = CARTESIAN_POINT ( 'NONE',  ( -346.0992284691789678, 24.07509284988614695, 150.0000000000000000 ) ) ;
#1854 = ORIENTED_EDGE ( 'NONE', *, *, #1791, .F. ) ;
#1855 = ORIENTED_EDGE ( 'NONE', *, *, #741, .F. ) ;
#1856 = VECTOR ( 'NONE', #629, 1000.000000000000000 ) ;
#1857 = DIRECTION ( 'NONE',  ( 0.000000000000000000, 0.000000000000000000, 1.000000000000000000 ) ) ;
#1858 = DIRECTION ( 'NONE',  ( 1.000000000000000000, 0.000000000000000000, 0.000000000000000000 ) ) ;
#1859 = LINE ( 'NONE', #470, #61 ) ;
#1860 = ADVANCED_FACE ( 'NONE', ( #1292 ), #600, .F. ) ;
#1861 = DIRECTION ( 'NONE',  ( 0.000000000000000000, 0.000000000000000000, 1.000000000000000000 ) ) ;
#1862 = EDGE_CURVE ( 'NONE', #1226, #1541, #428, .T. ) ;
#1863 = VECTOR ( 'NONE', #1717, 1000.000000000000000 ) ;
#1864 = CARTESIAN_POINT ( 'NONE',  ( -236.1696752149768201, -22.26124408926339626, 145.0000000000000000 ) ) ;
#1865 = VERTEX_POINT ( 'NONE', #255 ) ;
#1866 = EDGE_CURVE ( 'NONE', #962, #651, #957, .T. ) ;
#1867 = VERTEX_POINT ( 'NONE', #2184 ) ;
#1868 = VECTOR ( 'NONE', #1784, 1000.000000000000000 ) ;
#1869 = PLANE ( 'NONE',  #1569 ) ;
#1870 = AXIS2_PLACEMENT_3D ( 'NONE', #1312, #1529, #1175 ) ;
#1871 = FACE_OUTER_BOUND ( 'NONE', #148, .T. ) ;
#1872 = DIRECTION ( 'NONE',  ( -1.000000000000000000, 0.000000000000000000, 0.000000000000000000 ) ) ;
#1873 = CARTESIAN_POINT ( 'NONE',  ( -276.1897562091989471, -77.26120376446790772, 145.0000000000000000 ) ) ;
#1874 = VECTOR ( 'NONE', #2132, 1000.000000000000000 ) ;
#1875 = ORIENTED_EDGE ( 'NONE', *, *, #2158, .F. ) ;
#1876 = DIRECTION ( 'NONE',  ( -1.000000000000000000, -0.000000000000000000, -0.000000000000000000 ) ) ;
#1877 = ORIENTED_EDGE ( 'NONE', *, *, #1634, .T. ) ;
#1878 = ORIENTED_EDGE ( 'NONE', *, *, #2096, .T. ) ;
#1879 = ORIENTED_EDGE ( 'NONE', *, *, #882, .T. ) ;
#1880 = LINE ( 'NONE', #312, #798 ) ;
#1881 = VECTOR ( 'NONE', #144, 1000.000000000000000 ) ;
#1882 = CARTESIAN_POINT ( 'NONE',  ( -346.0992284691789678, 4.075092849886146062, 5.000000000000000000 ) ) ;
#1883 = CARTESIAN_POINT ( 'NONE',  ( -352.6192284691788359, 35.58509284988614496, 0.000000000000000000 ) ) ;
#1884 = DIRECTION ( 'NONE',  ( 1.000000000000000000, 0.000000000000000000, 0.000000000000000000 ) ) ;
#1885 = EDGE_LOOP ( 'NONE', ( #1794, #1316, #1564, #1037 ) ) ;
#1886 = DIRECTION ( 'NONE',  ( -0.000000000000000000, -0.000000000000000000, 1.000000000000000000 ) ) ;
#1887 = ORIENTED_EDGE ( 'NONE', *, *, #58, .F. ) ;
#1888 = VERTEX_POINT ( 'NONE', #2010 ) ;
#1889 = VERTEX_POINT ( 'NONE', #441 ) ;
#1890 = EDGE_CURVE ( 'NONE', #1378, #1867, #1141, .T. ) ;
#1891 = EDGE_CURVE ( 'NONE', #1357, #2081, #621, .T. ) ;
#1892 = DIRECTION ( 'NONE',  ( -1.000000000000000000, 0.000000000000000000, -0.000000000000000000 ) ) ;
#1893 = VECTOR ( 'NONE', #1515, 1000.000000000000000 ) ;
#1894 = ORIENTED_EDGE ( 'NONE', *, *, #1153, .T. ) ;
#1895 = LINE ( 'NONE', #323, #510 ) ;
#1896 = DIRECTION ( 'NONE',  ( -0.000000000000000000, 1.000000000000000000, -0.000000000000000000 ) ) ;
#1897 = CARTESIAN_POINT ( 'NONE',  ( -346.0992284691789678, -11.92490715011385660, 145.0000000000000000 ) ) ;
#1898 = DIRECTION ( 'NONE',  ( -0.000000000000000000, -0.000000000000000000, 1.000000000000000000 ) ) ;
#1899 = VERTEX_POINT ( 'NONE', #2019 ) ;
#1900 = VECTOR ( 'NONE', #49, 1000.000000000000000 ) ;
#1901 = MANIFOLD_SOLID_BREP ( 'Mirror2', #782 ) ;
#1902 = ORIENTED_EDGE ( 'NONE', *, *, #118, .T. ) ;
#1903 = EDGE_CURVE ( 'NONE', #447, #610, #259, .T. ) ;
#1904 = DIRECTION ( 'NONE',  ( 0.000000000000000000, 0.000000000000000000, 1.000000000000000000 ) ) ;
#1905 = CARTESIAN_POINT ( 'NONE',  ( -258.4636485081563251, -109.6507841373919376, 60.00000000000000000 ) ) ;
#1906 = DIRECTION ( 'NONE',  ( 1.000000000000000000, 0.000000000000000000, 0.000000000000000000 ) ) ;
#1907 = VERTEX_POINT ( 'NONE', #1313 ) ;
#1908 = CARTESIAN_POINT ( 'NONE',  ( -236.1897562091988902, -27.26120376446788995, 145.0000000000000000 ) ) ;
#1909 = ORIENTED_EDGE ( 'NONE', *, *, #1361, .F. ) ;
#1910 = ORIENTED_EDGE ( 'NONE', *, *, #1703, .F. ) ;
#1911 = CARTESIAN_POINT ( 'NONE',  ( -346.0992284691789678, -5.924907150113859267, 150.0000000000000000 ) ) ;
#1912 = CARTESIAN_POINT ( 'NONE',  ( -286.0992284691789678, 18.07509284988614695, 5.000000000000000000 ) ) ;
#1913 = VECTOR ( 'NONE', #2196, 1000.000000000000000 ) ;
#1914 = VECTOR ( 'NONE', #1622, 1000.000000000000000 ) ;
#1915 = DIRECTION ( 'NONE',  ( 1.000000000000000000, 0.000000000000000000, 0.000000000000000000 ) ) ;
#1916 = EDGE_CURVE ( 'NONE', #1907, #1028, #984, .T. ) ;
#1917 = CARTESIAN_POINT ( 'NONE',  ( -152.6192284691788927, -134.4149071501139190, 145.0000000000000000 ) ) ;
#1918 = DIRECTION ( 'NONE',  ( -0.000000000000000000, -0.000000000000000000, -1.000000000000000000 ) ) ;
#1919 = ORIENTED_EDGE ( 'NONE', *, *, #1690, .T. ) ;
#1920 = EDGE_CURVE ( 'NONE', #1513, #1907, #1302, .T. ) ;
#1921 = VECTOR ( 'NONE', #1593, 1000.000000000000000 ) ;
#1922 = ORIENTED_EDGE ( 'NONE', *, *, #1599, .T. ) ;
#1923 = LINE ( 'NONE', #374, #1138 ) ;
#1924 = DIRECTION ( 'NONE',  ( 0.000000000000000000, 0.000000000000000000, 1.000000000000000000 ) ) ;
#1925 = LINE ( 'NONE', #1718, #791 ) ;
#1926 = DIRECTION ( 'NONE',  ( -1.000000000000000000, 0.000000000000000000, 0.000000000000000000 ) ) ;
#1927 = CYLINDRICAL_SURFACE ( 'NONE', #153, 5.000000000000004441 ) ;
#1928 = VERTEX_POINT ( 'NONE', #432 ) ;
#1929 = ADVANCED_FACE ( 'NONE', ( #1678 ), #272, .T. ) ;
#1930 = ADVANCED_FACE ( 'NONE', ( #445 ), #811, .T. ) ;
#1931 = ORIENTED_EDGE ( 'NONE', *, *, #1663, .T. ) ;
#1932 = VECTOR ( 'NONE', #1062, 1000.000000000000000 ) ;
#1933 = VECTOR ( 'NONE', #2115, 1000.000000000000000 ) ;
#1934 = CARTESIAN_POINT ( 'NONE',  ( -346.0992284691789678, -11.92490715011385660, 5.000000000000000000 ) ) ;
#1935 = CARTESIAN_POINT ( 'NONE',  ( -152.6192284691789496, -114.4149071501139048, 5.000000000000000000 ) ) ;
#1936 = FACE_OUTER_BOUND ( 'NONE', #1615, .T. ) ;
#1937 = DIRECTION ( 'NONE',  ( -1.000000000000000000, 0.000000000000000000, 0.000000000000000000 ) ) ;
#1938 = FACE_BOUND ( 'NONE', #1459, .T. ) ;
#1939 = ORIENTED_EDGE ( 'NONE', *, *, #1183, .F. ) ;
#1940 = CARTESIAN_POINT ( 'NONE',  ( -286.0992284691789678, 24.07509284988614695, 145.0000000000000000 ) ) ;
#1941 = VERTEX_POINT ( 'NONE', #936 ) ;
#1942 = LINE ( 'NONE', #525, #1544 ) ;
#1943 = DIRECTION ( 'NONE',  ( -0.000000000000000000, -0.000000000000000000, 1.000000000000000000 ) ) ;
#1944 = CARTESIAN_POINT ( 'NONE',  ( -346.0992284691789678, 8.075092849886148727, 145.0000000000000000 ) ) ;
#1945 = AXIS2_PLACEMENT_3D ( 'NONE', #1664, #787, #1494 ) ;
#1946 = LINE ( 'NONE', #909, #150 ) ;
#1947 = FACE_BOUND ( 'NONE', #1770, .T. ) ;
#1948 = VERTEX_POINT ( 'NONE', #763 ) ;
#1949 = ORIENTED_EDGE ( 'NONE', *, *, #2224, .T. ) ;
#1950 = FACE_OUTER_BOUND ( 'NONE', #127, .T. ) ;
#1951 = COLOUR_RGB ( '',0.7921568627450980005, 0.8196078431372548767, 0.9333333333333333481 ) ;
#1952 = EDGE_LOOP ( 'NONE', ( #1743, #1180, #1197, #924 ) ) ;
#1953 = EDGE_LOOP ( 'NONE', ( #937, #1303, #744, #2237 ) ) ;
#1954 = CARTESIAN_POINT ( 'NONE',  ( -286.0992284691789678, 18.07509284988614695, 5.000000000000000000 ) ) ;
#1955 = ADVANCED_FACE ( 'NONE', ( #1472 ), #973, .T. ) ;
#1956 = EDGE_CURVE ( 'NONE', #1083, #742, #792, .T. ) ;
#1957 = EDGE_CURVE ( 'NONE', #1521, #740, #1126, .T. ) ;
#1958 = DIRECTION ( 'NONE',  ( 0.000000000000000000, -0.000000000000000000, -1.000000000000000000 ) ) ;
#1959 = CARTESIAN_POINT ( 'NONE',  ( -346.0992284691789678, 18.07509284988614695, 145.0000000000000000 ) ) ;
#1960 = AXIS2_PLACEMENT_3D ( 'NONE', #1107, #1281, #614 ) ;
#1961 = DIRECTION ( 'NONE',  ( -0.000000000000000000, -0.000000000000000000, -1.000000000000000000 ) ) ;
#1962 = DIRECTION ( 'NONE',  ( 0.000000000000000000, 0.000000000000000000, -1.000000000000000000 ) ) ;
#1963 = VERTEX_POINT ( 'NONE', #78 ) ;
#1964 = VERTEX_POINT ( 'NONE', #2199 ) ;
#1965 = DIRECTION ( 'NONE',  ( -1.000000000000000000, -0.000000000000000000, -0.000000000000000000 ) ) ;
#1966 = VECTOR ( 'NONE', #1553, 999.9999999999998863 ) ;
#1967 = EDGE_LOOP ( 'NONE', ( #2212, #662, #2203, #755 ) ) ;
#1968 = EDGE_LOOP ( 'NONE', ( #2079, #1477, #637, #1919 ) ) ;
#1969 = DIRECTION ( 'NONE',  ( 0.000000000000000000, -1.000000000000000000, 0.000000000000000000 ) ) ;
#1970 = AXIS2_PLACEMENT_3D ( 'NONE', #188, #1210, #364 ) ;
#1971 = DIRECTION ( 'NONE',  ( -6.167905692361988450E-16, -1.000000000000000000, 0.000000000000000000 ) ) ;
#1972 = DIRECTION ( 'NONE',  ( -1.000000000000000000, 0.000000000000000000, 0.000000000000000000 ) ) ;
#1973 = SHAPE_DEFINITION_REPRESENTATION ( #139, #52 ) ;
#1974 = LINE ( 'NONE', #97, #454 ) ;
#1975 = DIRECTION ( 'NONE',  ( 0.000000000000000000, 0.000000000000000000, -1.000000000000000000 ) ) ;
#1976 = VERTEX_POINT ( 'NONE', #1146 ) ;
#1977 = ORIENTED_EDGE ( 'NONE', *, *, #1294, .F. ) ;
#1978 = DIRECTION ( 'NONE',  ( -0.000000000000000000, -0.000000000000000000, 1.000000000000000000 ) ) ;
#1979 = AXIS2_PLACEMENT_3D ( 'NONE', #1621, #1801, #1813 ) ;
#1980 = CARTESIAN_POINT ( 'NONE',  ( -346.0992284691789678, 24.07509284988614695, 5.000000000000000000 ) ) ;
#1981 = EDGE_LOOP ( 'NONE', ( #103, #318, #767, #155 ) ) ;
#1982 = ORIENTED_EDGE ( 'NONE', *, *, #803, .F. ) ;
#1983 = AXIS2_PLACEMENT_3D ( 'NONE', #738, #1642, #1098 ) ;
#1984 = CARTESIAN_POINT ( 'NONE',  ( -258.4636485081563251, -109.6507841373919376, 90.00000000000000000 ) ) ;
#1985 = ORIENTED_EDGE ( 'NONE', *, *, #44, .T. ) ;
#1986 = LINE ( 'NONE', #1328, #1798 ) ;
#1987 = CARTESIAN_POINT ( 'NONE',  ( -346.0992284691789678, 14.07509284988614873, 5.000000000000000000 ) ) ;
#1988 = DIRECTION ( 'NONE',  ( -0.000000000000000000, 1.000000000000000000, -0.000000000000000000 ) ) ;
#1989 = DIRECTION ( 'NONE',  ( -1.000000000000000000, 0.000000000000000000, 0.000000000000000000 ) ) ;
#1990 = ADVANCED_FACE ( 'NONE', ( #1136 ), #779, .T. ) ;
#1991 = DIRECTION ( 'NONE',  ( -0.000000000000000000, -0.000000000000000000, -1.000000000000000000 ) ) ;
#1992 = EDGE_CURVE ( 'NONE', #1693, #433, #1772, .T. ) ;
#1993 = DIRECTION ( 'NONE',  ( 1.000000000000000000, 0.000000000000000000, 0.000000000000000000 ) ) ;
#1994 = EDGE_LOOP ( 'NONE', ( #218, #1543, #533, #1581, #1583, #111, #2147, #222 ) ) ;
#1995 = EDGE_CURVE ( 'NONE', #1907, #2005, #455, .T. ) ;
#1996 = ORIENTED_EDGE ( 'NONE', *, *, #1111, .F. ) ;
#1997 = VECTOR ( 'NONE', #248, 1000.000000000000000 ) ;
#1998 = ORIENTED_EDGE ( 'NONE', *, *, #872, .T. ) ;
#1999 = CARTESIAN_POINT ( 'NONE',  ( -346.0992284691789678, -5.924907150113859267, 145.0000000000000000 ) ) ;
#2000 = DIRECTION ( 'NONE',  ( 6.167905692361988450E-16, 1.000000000000000000, 0.000000000000000000 ) ) ;
#2001 = CARTESIAN_POINT ( 'NONE',  ( -238.2827665236802943, -17.72970515408014691, 145.0000000000000000 ) ) ;
#2002 = CARTESIAN_POINT ( 'NONE',  ( -372.2353514935502972, -103.1902242246927557, 5.000000000000000000 ) ) ;
#2003 = CARTESIAN_POINT ( 'NONE',  ( -312.6192284691788927, -134.4149071501138906, 0.000000000000000000 ) ) ;
#2004 = EDGE_CURVE ( 'NONE', #1641, #1941, #2036, .T. ) ;
#2005 = VERTEX_POINT ( 'NONE', #1352 ) ;
#2006 = EDGE_CURVE ( 'NONE', #988, #1533, #1732, .T. ) ;
#2007 = ORIENTED_EDGE ( 'NONE', *, *, #1327, .T. ) ;
#2008 = ORIENTED_EDGE ( 'NONE', *, *, #2061, .F. ) ;
#2009 = CARTESIAN_POINT ( 'NONE',  ( -372.6192284691789496, 15.58509284988600285, 5.000000000000000000 ) ) ;
#2010 = CARTESIAN_POINT ( 'NONE',  ( -254.9982586585511797, -114.4094574489678564, 90.00000000000000000 ) ) ;
#2011 = AXIS2_PLACEMENT_3D ( 'NONE', #225, #745, #43 ) ;
#2012 = CARTESIAN_POINT ( 'NONE',  ( -372.6192284691789496, 15.58509284988600285, 145.0000000000000000 ) ) ;
#2013 = DIRECTION ( 'NONE',  ( 0.000000000000000000, 1.000000000000000000, 0.000000000000000000 ) ) ;
#2014 = PLANE ( 'NONE',  #1582 ) ;
#2015 = PRESENTATION_STYLE_ASSIGNMENT (( #1643 ) ) ;
#2016 = EDGE_LOOP ( 'NONE', ( #619, #697, #2235, #36 ) ) ;
#2017 = ORIENTED_EDGE ( 'NONE', *, *, #1247, .F. ) ;
#2018 = CARTESIAN_POINT ( 'NONE',  ( -281.1696752149769054, -72.26124408926341403, 75.00000000000001421 ) ) ;
#2019 = CARTESIAN_POINT ( 'NONE',  ( -286.0992284691789678, -1.924907150113855270, 145.0000000000000000 ) ) ;
#2020 = EDGE_CURVE ( 'NONE', #594, #1215, #833, .T. ) ;
#2021 = DIRECTION ( 'NONE',  ( -1.000000000000000000, -0.000000000000000000, 0.000000000000000000 ) ) ;
#2022 = CARTESIAN_POINT ( 'NONE',  ( -346.0992284691789678, 14.07509284988614873, 145.0000000000000000 ) ) ;
#2023 = FACE_OUTER_BOUND ( 'NONE', #1967, .T. ) ;
#2024 = DIRECTION ( 'NONE',  ( -1.000000000000000000, 0.000000000000000000, 0.000000000000000000 ) ) ;
#2025 = VERTEX_POINT ( 'NONE', #499 ) ;
#2026 = VERTEX_POINT ( 'NONE', #1191 ) ;
#2027 = VECTOR ( 'NONE', #1688, 1000.000000000000000 ) ;
#2028 = EDGE_CURVE ( 'NONE', #1513, #742, #648, .T. ) ;
#2029 = PLANE ( 'NONE',  #202 ) ;
#2030 = EDGE_CURVE ( 'NONE', #2026, #1176, #1189, .T. ) ;
#2031 = AXIS2_PLACEMENT_3D ( 'NONE', #1081, #1769, #735 ) ;
#2032 = EDGE_CURVE ( 'NONE', #2083, #661, #37, .T. ) ;
#2033 = CARTESIAN_POINT ( 'NONE',  ( -346.0992284691789678, 8.075092849886148727, 150.0000000000000000 ) ) ;
#2034 = DIRECTION ( 'NONE',  ( 0.000000000000000000, 1.000000000000000000, 0.000000000000000000 ) ) ;
#2035 = DIRECTION ( 'NONE',  ( -1.000000000000000000, -0.000000000000000000, -0.000000000000000000 ) ) ;
#2036 = LINE ( 'NONE', #824, #491 ) ;
#2037 = ORIENTED_EDGE ( 'NONE', *, *, #883, .F. ) ;
#2038 = EDGE_LOOP ( 'NONE', ( #1020, #1087, #180, #162 ) ) ;
#2039 = CARTESIAN_POINT ( 'NONE',  ( -346.0992284691789678, -5.924907150113859267, 5.000000000000000000 ) ) ;
#2040 = DIRECTION ( 'NONE',  ( 0.000000000000000000, 0.000000000000000000, -1.000000000000000000 ) ) ;
#2041 = DIRECTION ( 'NONE',  ( 0.000000000000000000, 0.000000000000000000, 1.000000000000000000 ) ) ;
#2042 = PLANE ( 'NONE',  #191 ) ;
#2043 = VECTOR ( 'NONE', #1446, 1000.000000000000000 ) ;
#2044 = VECTOR ( 'NONE', #535, 1000.000000000000000 ) ;
#2045 = ORIENTED_EDGE ( 'NONE', *, *, #1114, .T. ) ;
#2046 = DIRECTION ( 'NONE',  ( 1.000000000000000000, 0.000000000000000000, 0.000000000000000000 ) ) ;
#2047 = ORIENTED_EDGE ( 'NONE', *, *, #115, .F. ) ;
#2048 = ORIENTED_EDGE ( 'NONE', *, *, #1537, .F. ) ;
#2049 = VERTEX_POINT ( 'NONE', #1036 ) ;
#2050 = CARTESIAN_POINT ( 'NONE',  ( -286.0992284691789678, 24.07509284988614695, 150.0000000000000000 ) ) ;
#2051 = VECTOR ( 'NONE', #77, 1000.000000000000000 ) ;
#2052 = CARTESIAN_POINT ( 'NONE',  ( -286.0992284691789678, 14.07509284988614873, 0.000000000000000000 ) ) ;
#2053 = DIRECTION ( 'NONE',  ( -0.000000000000000000, -0.000000000000000000, 1.000000000000000000 ) ) ;
#2054 = LINE ( 'NONE', #1250, #685 ) ;
#2055 = AXIS2_PLACEMENT_3D ( 'NONE', #216, #167, #378 ) ;
#2056 = ORIENTED_EDGE ( 'NONE', *, *, #604, .F. ) ;
#2057 = DIRECTION ( 'NONE',  ( -1.000000000000000000, -0.000000000000000000, -0.000000000000000000 ) ) ;
#2058 = EDGE_LOOP ( 'NONE', ( #211, #2168, #1514, #1931 ) ) ;
#2059 = ADVANCED_FACE ( 'NONE', ( #291 ), #1375, .T. ) ;
#2060 = VERTEX_POINT ( 'NONE', #2233 ) ;
#2061 = EDGE_CURVE ( 'NONE', #1099, #2072, #1017, .T. ) ;
#2062 = EDGE_CURVE ( 'NONE', #1669, #1378, #1532, .T. ) ;
#2063 = ORIENTED_EDGE ( 'NONE', *, *, #89, .T. ) ;
#2064 = CARTESIAN_POINT ( 'NONE',  ( -346.0992284691789678, 4.075092849886146062, 0.000000000000000000 ) ) ;
#2065 = VECTOR ( 'NONE', #1542, 1000.000000000000000 ) ;
#2066 = AXIS2_PLACEMENT_3D ( 'NONE', #463, #1861, #289 ) ;
#2067 = DIRECTION ( 'NONE',  ( -1.000000000000000000, 0.000000000000000000, 0.000000000000000000 ) ) ;
#2068 = CARTESIAN_POINT ( 'NONE',  ( -346.0992284691789678, -1.924907150113855270, 145.0000000000000000 ) ) ;
#2069 = ORIENTED_EDGE ( 'NONE', *, *, #408, .T. ) ;
#2070 = CARTESIAN_POINT ( 'NONE',  ( -352.6192284691788359, 35.58509284988614496, 5.000000000000000000 ) ) ;
#2071 = VERTEX_POINT ( 'NONE', #1908 ) ;
#2072 = VERTEX_POINT ( 'NONE', #337 ) ;
#2073 = VECTOR ( 'NONE', #876, 1000.000000000000227 ) ;
#2074 = CARTESIAN_POINT ( 'NONE',  ( -253.4636485081563251, -109.6507841373919376, 4.999999999999997335 ) ) ;
#2075 = AXIS2_PLACEMENT_3D ( 'NONE', #461, #1173, #1013 ) ;
#2076 = ORIENTED_EDGE ( 'NONE', *, *, #2086, .F. ) ;
#2077 = LINE ( 'NONE', #509, #396 ) ;
#2078 = CARTESIAN_POINT ( 'NONE',  ( -132.6192284691789496, 15.58509284988615740, 5.000000000000000000 ) ) ;
#2079 = ORIENTED_EDGE ( 'NONE', *, *, #1598, .F. ) ;
#2080 = LINE ( 'NONE', #2243, #931 ) ;
#2081 = VERTEX_POINT ( 'NONE', #326 ) ;
#2082 = VECTOR ( 'NONE', #2227, 1000.000000000000000 ) ;
#2083 = VERTEX_POINT ( 'NONE', #856 ) ;
#2084 = DIRECTION ( 'NONE',  ( 0.000000000000000000, 0.000000000000000000, -1.000000000000000000 ) ) ;
#2085 = AXIS2_PLACEMENT_3D ( 'NONE', #784, #611, #1151 ) ;
#2086 = EDGE_CURVE ( 'NONE', #384, #1948, #1027, .T. ) ;
#2087 = EDGE_CURVE ( 'NONE', #2267, #912, #1558, .T. ) ;
#2088 = CARTESIAN_POINT ( 'NONE',  ( -132.6192284691789496, 15.58509284988615740, 145.0000000000000000 ) ) ;
#2089 = CARTESIAN_POINT ( 'NONE',  ( -372.6192284691790064, -134.4149071501138906, 0.000000000000000000 ) ) ;
#2090 = DIRECTION ( 'NONE',  ( -0.000000000000000000, -0.000000000000000000, -1.000000000000000000 ) ) ;
#2091 = LINE ( 'NONE', #1604, #1843 ) ;
#2092 = ORIENTED_EDGE ( 'NONE', *, *, #541, .F. ) ;
#2093 = ORIENTED_EDGE ( 'NONE', *, *, #59, .T. ) ;
#2094 = FACE_BOUND ( 'NONE', #1445, .T. ) ;
#2095 = AXIS2_PLACEMENT_3D ( 'NONE', #636, #123, #1167 ) ;
#2096 = EDGE_CURVE ( 'NONE', #1865, #900, #305, .T. ) ;
#2097 = EDGE_CURVE ( 'NONE', #134, #1271, #1448, .T. ) ;
#2098 = FACE_OUTER_BOUND ( 'NONE', #71, .T. ) ;
#2099 = VECTOR ( 'NONE', #67, 1000.000000000000000 ) ;
#2100 = DIRECTION ( 'NONE',  ( 0.000000000000000000, 0.000000000000000000, 1.000000000000000000 ) ) ;
#2101 = EDGE_CURVE ( 'NONE', #912, #1269, #2080, .T. ) ;
#2102 = DIRECTION ( 'NONE',  ( -0.9999244370625416378, 0.01229309420606764652, -0.000000000000000000 ) ) ;
#2103 = DIRECTION ( 'NONE',  ( -0.000000000000000000, -0.000000000000000000, 1.000000000000000000 ) ) ;
#2104 = EDGE_LOOP ( 'NONE', ( #994, #238, #1878, #2254 ) ) ;
#2105 = EDGE_LOOP ( 'NONE', ( #1620, #169, #284, #474, #91, #781, #262, #6 ) ) ;
#2106 = CARTESIAN_POINT ( 'NONE',  ( -372.2353514935502972, -103.1902242246927557, 145.0000000000000000 ) ) ;
#2107 = LINE ( 'NONE', #1912, #987 ) ;
#2108 = DIRECTION ( 'NONE',  ( 1.000000000000000000, 0.000000000000000000, -0.000000000000000000 ) ) ;
#2109 = DIRECTION ( 'NONE',  ( 0.000000000000000000, 0.000000000000000000, 1.000000000000000000 ) ) ;
#2110 = CARTESIAN_POINT ( 'NONE',  ( -286.0992284691789678, -11.92490715011385660, 0.000000000000000000 ) ) ;
#2111 = ORIENTED_EDGE ( 'NONE', *, *, #870, .T. ) ;
#2112 = EDGE_LOOP ( 'NONE', ( #28, #761, #197, #424 ) ) ;
#2113 = AXIS2_PLACEMENT_3D ( 'NONE', #1565, #184, #517 ) ;
#2114 = CARTESIAN_POINT ( 'NONE',  ( -346.0992284691789678, 24.07509284988615406, 150.0000000000000000 ) ) ;
#2115 = DIRECTION ( 'NONE',  ( -0.000000000000000000, -0.000000000000000000, -1.000000000000000000 ) ) ;
#2116 = CYLINDRICAL_SURFACE ( 'NONE', #2144, 19.99999999999998934 ) ;
#2117 = DIRECTION ( 'NONE',  ( 0.9999244370625416378, -0.01229309420606764652, 0.000000000000000000 ) ) ;
#2118 = FACE_BOUND ( 'NONE', #730, .T. ) ;
#2119 = ORIENTED_EDGE ( 'NONE', *, *, #187, .F. ) ;
#2120 = ORIENTED_EDGE ( 'NONE', *, *, #1995, .F. ) ;
#2121 = DIRECTION ( 'NONE',  ( -1.000000000000000000, 0.000000000000000000, 0.000000000000000000 ) ) ;
#2122 = EDGE_CURVE ( 'NONE', #2139, #1822, #112, .T. ) ;
#2123 = EDGE_CURVE ( 'NONE', #1400, #902, #1177, .T. ) ;
#2124 = ORIENTED_EDGE ( 'NONE', *, *, #2268, .F. ) ;
#2125 = EDGE_CURVE ( 'NONE', #1888, #802, #1523, .T. ) ;
#2126 = ORIENTED_EDGE ( 'NONE', *, *, #335, .F. ) ;
#2127 = CARTESIAN_POINT ( 'NONE',  ( -132.6192284691789496, -114.4149071501139048, 0.000000000000000000 ) ) ;
#2128 = CARTESIAN_POINT ( 'NONE',  ( -253.4636485081563251, -109.6507841373919376, 60.00000000000000000 ) ) ;
#2129 = LINE ( 'NONE', #1453, #90 ) ;
#2130 = AXIS2_PLACEMENT_3D ( 'NONE', #1223, #391, #1748 ) ;
#2131 = VECTOR ( 'NONE', #799, 1000.000000000000227 ) ;
#2132 = DIRECTION ( 'NONE',  ( -0.000000000000000000, -0.000000000000000000, 1.000000000000000000 ) ) ;
#2133 = LINE ( 'NONE', #13, #748 ) ;
#2134 = ORIENTED_EDGE ( 'NONE', *, *, #842, .T. ) ;
#2135 = ORIENTED_EDGE ( 'NONE', *, *, #2030, .F. ) ;
#2136 = CARTESIAN_POINT ( 'NONE',  ( -286.0992284691789678, 8.075092849886148727, 145.0000000000000000 ) ) ;
#2137 = EDGE_LOOP ( 'NONE', ( #276, #1410, #1356, #2140 ) ) ;
#2138 = VECTOR ( 'NONE', #154, 1000.000000000000000 ) ;
#2139 = VERTEX_POINT ( 'NONE', #1252 ) ;
#2140 = ORIENTED_EDGE ( 'NONE', *, *, #906, .T. ) ;
#2141 = DIRECTION ( 'NONE',  ( 0.000000000000000000, 0.000000000000000000, 1.000000000000000000 ) ) ;
#2142 = DIRECTION ( 'NONE',  ( -0.000000000000000000, -0.000000000000000000, 1.000000000000000000 ) ) ;
#2143 = CARTESIAN_POINT ( 'NONE',  ( -286.0992284691790246, 14.07509284988614517, 5.000000000000000000 ) ) ;
#2144 = AXIS2_PLACEMENT_3D ( 'NONE', #1611, #1434, #558 ) ;
#2145 = LINE ( 'NONE', #1240, #1368 ) ;
#2146 = CYLINDRICAL_SURFACE ( 'NONE', #572, 5.000000000000004441 ) ;
#2147 = ORIENTED_EDGE ( 'NONE', *, *, #2225, .F. ) ;
#2148 = ORIENTED_EDGE ( 'NONE', *, *, #573, .F. ) ;
#2149 = DIRECTION ( 'NONE',  ( 0.000000000000000000, 1.000000000000000000, 0.000000000000000000 ) ) ;
#2150 = FILL_AREA_STYLE_COLOUR ( '', #1951 ) ;
#2151 = ORIENTED_EDGE ( 'NONE', *, *, #92, .T. ) ;
#2152 = ORIENTED_EDGE ( 'NONE', *, *, #1763, .F. ) ;
#2153 = CARTESIAN_POINT ( 'NONE',  ( -286.0992284691789678, 14.07509284988614873, 150.0000000000000000 ) ) ;
#2154 = AXIS2_PLACEMENT_3D ( 'NONE', #2216, #98, #1872 ) ;
#2155 = DIRECTION ( 'NONE',  ( 1.000000000000000000, 0.000000000000000000, 0.000000000000000000 ) ) ;
#2156 = CARTESIAN_POINT ( 'NONE',  ( -346.0992284691789678, 4.075092849886146062, 145.0000000000000000 ) ) ;
#2157 = ADVANCED_FACE ( 'NONE', ( #2264, #1781, #1947, #2118, #538, #1241, #205, #716 ), #193, .F. ) ;
#2158 = EDGE_CURVE ( 'NONE', #1269, #2049, #2091, .T. ) ;
#2159 = DIRECTION ( 'NONE',  ( 1.000000000000000000, 0.000000000000000000, 0.000000000000000000 ) ) ;
#2160 = CARTESIAN_POINT ( 'NONE',  ( -286.0992284691789678, 14.07509284988614873, 5.000000000000000000 ) ) ;
#2161 = CARTESIAN_POINT ( 'NONE',  ( -352.6192284691788359, 35.58509284988614496, 5.000000000000000000 ) ) ;
#2162 = CIRCLE ( 'NONE', #174, 49.99999999999998579 ) ;
#2163 =( NAMED_UNIT ( * ) PLANE_ANGLE_UNIT ( ) SI_UNIT ( $, .RADIAN. ) );
#2164 = ORIENTED_EDGE ( 'NONE', *, *, #42, .T. ) ;
#2165 = ORIENTED_EDGE ( 'NONE', *, *, #58, .T. ) ;
#2166 = CIRCLE ( 'NONE', #177, 5.000000000000004441 ) ;
#2167 = CARTESIAN_POINT ( 'NONE',  ( -372.6192284691790064, -74.41490715011389057, 0.000000000000000000 ) ) ;
#2168 = ORIENTED_EDGE ( 'NONE', *, *, #471, .F. ) ;
#2169 = PLANE ( 'NONE',  #1172 ) ;
#2170 = DIRECTION ( 'NONE',  ( 0.000000000000000000, -0.000000000000000000, 1.000000000000000000 ) ) ;
#2171 = EDGE_CURVE ( 'NONE', #1888, #1374, #1266, .T. ) ;
#2172 = DIRECTION ( 'NONE',  ( 0.000000000000000000, 0.000000000000000000, 1.000000000000000000 ) ) ;
#2173 = DIRECTION ( 'NONE',  ( -0.000000000000000000, -0.000000000000000000, -1.000000000000000000 ) ) ;
#2174 = LINE ( 'NONE', #2002, #1510 ) ;
#2175 = VECTOR ( 'NONE', #1592, 1000.000000000000000 ) ;
#2176 = CARTESIAN_POINT ( 'NONE',  ( -236.1897562091988902, -27.26120376446788995, 75.00000000000001421 ) ) ;
#2177 = CARTESIAN_POINT ( 'NONE',  ( -286.0992284691789678, 4.075092849886146062, 145.0000000000000000 ) ) ;
#2178 = EDGE_LOOP ( 'NONE', ( #1148, #2120, #356, #413 ) ) ;
#2179 = EDGE_LOOP ( 'NONE', ( #2182, #125, #1534, #671 ) ) ;
#2180 = VECTOR ( 'NONE', #847, 1000.000000000000000 ) ;
#2181 = CIRCLE ( 'NONE', #492, 5.000000000000004441 ) ;
#2182 = ORIENTED_EDGE ( 'NONE', *, *, #1890, .T. ) ;
#2183 = FACE_OUTER_BOUND ( 'NONE', #2058, .T. ) ;
#2184 = CARTESIAN_POINT ( 'NONE',  ( -286.0992284691789678, -11.92490715011385660, 150.0000000000000000 ) ) ;
#2185 = LINE ( 'NONE', #404, #2247 ) ;
#2186 = PLANE ( 'NONE',  #163 ) ;
#2187 = LINE ( 'NONE', #1540, #1063 ) ;
#2188 = DIRECTION ( 'NONE',  ( -0.000000000000000000, 1.000000000000000000, 0.000000000000000000 ) ) ;
#2189 = ORIENTED_EDGE ( 'NONE', *, *, #1346, .T. ) ;
#2190 = AXIS2_PLACEMENT_3D ( 'NONE', #467, #652, #1171 ) ;
#2191 = EDGE_CURVE ( 'NONE', #338, #1389, #379, .T. ) ;
#2192 = EDGE_LOOP ( 'NONE', ( #2242, #292, #498, #1902 ) ) ;
#2193 = DIRECTION ( 'NONE',  ( 0.000000000000000000, 0.000000000000000000, -1.000000000000000000 ) ) ;
#2194 = CARTESIAN_POINT ( 'NONE',  ( -346.0992284691789678, -11.92490715011385660, 150.0000000000000000 ) ) ;
#2195 = VECTOR ( 'NONE', #1547, 1000.000000000000000 ) ;
#2196 = DIRECTION ( 'NONE',  ( -1.000000000000000000, -3.469446951953617270E-17, -0.000000000000000000 ) ) ;
#2197 = CARTESIAN_POINT ( 'NONE',  ( -286.0992284691789678, -1.924907150113855270, 150.0000000000000000 ) ) ;
#2198 = LINE ( 'NONE', #99, #559 ) ;
#2199 = CARTESIAN_POINT ( 'NONE',  ( -276.1897562091989471, -77.26120376446790772, 5.000000000000000000 ) ) ;
#2200 = ORIENTED_EDGE ( 'NONE', *, *, #1763, .T. ) ;
#2201 = ADVANCED_FACE ( 'NONE', ( #1426 ), #723, .T. ) ;
#2202 = ADVANCED_FACE ( 'NONE', ( #693, #1938, #368, #1232, #1407 ), #705, .T. ) ;
#2203 = ORIENTED_EDGE ( 'NONE', *, *, #1823, .T. ) ;
#2204 = ADVANCED_FACE ( 'NONE', ( #2277 ), #4, .T. ) ;
#2205 = DIRECTION ( 'NONE',  ( 0.000000000000000000, -1.000000000000000000, 0.000000000000000000 ) ) ;
#2206 = LINE ( 'NONE', #1818, #1844 ) ;
#2207 = DIRECTION ( 'NONE',  ( -0.000000000000000000, -0.000000000000000000, -1.000000000000000000 ) ) ;
#2208 = DIRECTION ( 'NONE',  ( 1.000000000000000000, 0.000000000000000000, -0.000000000000000000 ) ) ;
#2209 = DIRECTION ( 'NONE',  ( -1.000000000000000000, -0.000000000000000000, 0.000000000000000000 ) ) ;
#2210 = ORIENTED_EDGE ( 'NONE', *, *, #1725, .F. ) ;
#2211 = AXIS2_PLACEMENT_3D ( 'NONE', #355, #2103, #1058 ) ;
#2212 = ORIENTED_EDGE ( 'NONE', *, *, #571, .F. ) ;
#2213 = VECTOR ( 'NONE', #1828, 1000.000000000000000 ) ;
#2214 = CARTESIAN_POINT ( 'NONE',  ( -286.0992284691789678, 14.07509284988614873, 145.0000000000000000 ) ) ;
#2215 = CARTESIAN_POINT ( 'NONE',  ( -346.0992284691789678, 8.075092849886148727, 0.000000000000000000 ) ) ;
#2216 = CARTESIAN_POINT ( 'NONE',  ( -152.6192284691789496, -114.4149071501139048, 5.000000000000000000 ) ) ;
#2217 = LINE ( 'NONE', #1158, #778 ) ;
#2218 = EDGE_LOOP ( 'NONE', ( #1205, #2222, #1503, #564 ) ) ;
#2219 = CARTESIAN_POINT ( 'NONE',  ( -346.0992284691789678, 24.07509284988614695, 5.000000000000000000 ) ) ;
#2220 = ORIENTED_EDGE ( 'NONE', *, *, #1150, .T. ) ;
#2221 = ORIENTED_EDGE ( 'NONE', *, *, #237, .T. ) ;
#2222 = ORIENTED_EDGE ( 'NONE', *, *, #508, .T. ) ;
#2223 = PLANE ( 'NONE',  #2260 ) ;
#2224 = EDGE_CURVE ( 'NONE', #988, #1005, #1149, .T. ) ;
#2225 = EDGE_CURVE ( 'NONE', #985, #595, #457, .T. ) ;
#2226 = CYLINDRICAL_SURFACE ( 'NONE', #283, 5.000000000000004441 ) ;
#2227 = DIRECTION ( 'NONE',  ( 0.000000000000000000, -1.000000000000000000, 0.000000000000000000 ) ) ;
#2228 = CARTESIAN_POINT ( 'NONE',  ( -236.1696752149768201, -22.26124408926339626, 5.000000000000000000 ) ) ;
#2229 = EDGE_CURVE ( 'NONE', #1059, #1541, #1095, .T. ) ;
#2230 = AXIS2_PLACEMENT_3D ( 'NONE', #1043, #1089, #151 ) ;
#2231 = AXIS2_PLACEMENT_3D ( 'NONE', #131, #2041, #301 ) ;
#2232 = PLANE ( 'NONE',  #299 ) ;
#2233 = CARTESIAN_POINT ( 'NONE',  ( -132.6192284691789496, 15.58509284988615740, 0.000000000000000000 ) ) ;
#2234 = ORIENTED_EDGE ( 'NONE', *, *, #1662, .F. ) ;
#2235 = ORIENTED_EDGE ( 'NONE', *, *, #701, .F. ) ;
#2236 = ORIENTED_EDGE ( 'NONE', *, *, #1125, .T. ) ;
#2237 = ORIENTED_EDGE ( 'NONE', *, *, #1039, .T. ) ;
#2238 = DIRECTION ( 'NONE',  ( 0.000000000000000000, 0.000000000000000000, -1.000000000000000000 ) ) ;
#2239 = PLANE ( 'NONE',  #618 ) ;
#2240 = EDGE_CURVE ( 'NONE', #1782, #384, #2133, .T. ) ;
#2241 = LINE ( 'NONE', #142, #377 ) ;
#2242 = ORIENTED_EDGE ( 'NONE', *, *, #1866, .F. ) ;
#2243 = CARTESIAN_POINT ( 'NONE',  ( -346.0992284691789678, -5.924907150113859267, 145.0000000000000000 ) ) ;
#2244 = ORIENTED_EDGE ( 'NONE', *, *, #573, .T. ) ;
#2245 = VERTEX_POINT ( 'NONE', #2110 ) ;
#2246 = VERTEX_POINT ( 'NONE', #1793 ) ;
#2247 = VECTOR ( 'NONE', #932, 1000.000000000000000 ) ;
#2248 = CARTESIAN_POINT ( 'NONE',  ( -229.1776833766135439, -44.83162882826483298, 5.000000000000000000 ) ) ;
#2249 = AXIS2_PLACEMENT_3D ( 'NONE', #785, #589, #2170 ) ;
#2250 = EDGE_LOOP ( 'NONE', ( #1353, #1657, #706, #737 ) ) ;
#2251 = VECTOR ( 'NONE', #1340, 1000.000000000000000 ) ;
#2252 = LINE ( 'NONE', #680, #1169 ) ;
#2253 = CARTESIAN_POINT ( 'NONE',  ( -236.1696752149768201, -22.26124408926339626, 145.0000000000000000 ) ) ;
#2254 = ORIENTED_EDGE ( 'NONE', *, *, #362, .T. ) ;
#2255 = DIRECTION ( 'NONE',  ( -0.000000000000000000, -0.000000000000000000, 1.000000000000000000 ) ) ;
#2256 = ORIENTED_EDGE ( 'NONE', *, *, #1498, .T. ) ;
#2257 = ORIENTED_EDGE ( 'NONE', *, *, #159, .T. ) ;
#2258 = ADVANCED_FACE ( 'NONE', ( #521 ), #1927, .T. ) ;
#2259 = FACE_BOUND ( 'NONE', #2112, .T. ) ;
#2260 = AXIS2_PLACEMENT_3D ( 'NONE', #999, #1892, #104 ) ;
#2261 = DIRECTION ( 'NONE',  ( -1.000000000000000000, 0.000000000000000000, 0.000000000000000000 ) ) ;
#2262 = CARTESIAN_POINT ( 'NONE',  ( -346.0992284691789678, -5.924907150113859267, 145.0000000000000000 ) ) ;
#2263 = DIRECTION ( 'NONE',  ( 1.000000000000000000, -1.734723475976807094E-16, -0.000000000000000000 ) ) ;
#2264 = FACE_BOUND ( 'NONE', #231, .T. ) ;
#2265 = EDGE_LOOP ( 'NONE', ( #1117, #718, #490, #458 ) ) ;
#2266 = VECTOR ( 'NONE', #1600, 1000.000000000000000 ) ;
#2267 = VERTEX_POINT ( 'NONE', #530 ) ;
#2268 = EDGE_CURVE ( 'NONE', #609, #938, #1530, .T. ) ;
#2269 = EDGE_CURVE ( 'NONE', #812, #988, #215, .T. ) ;
#2270 = DIRECTION ( 'NONE',  ( 1.000000000000000000, 0.000000000000000000, 0.000000000000000000 ) ) ;
#2271 = EDGE_CURVE ( 'NONE', #1176, #82, #1296, .T. ) ;
#2272 = CIRCLE ( 'NONE', #293, 5.000000000000004441 ) ;
#2273 = CARTESIAN_POINT ( 'NONE',  ( -278.2827665236803796, -67.72970515408016468, 5.000000000000000000 ) ) ;
#2274 = CARTESIAN_POINT ( 'NONE',  ( -152.6192284691789496, -114.4149071501139048, 150.0000000000000000 ) ) ;
#2275 = VECTOR ( 'NONE', #1471, 1000.000000000000000 ) ;
#2276 = DIRECTION ( 'NONE',  ( 1.000000000000000000, 0.000000000000000000, 0.000000000000000000 ) ) ;
#2277 = FACE_OUTER_BOUND ( 'NONE', #1783, .T. ) ;
#2278 = ORIENTED_EDGE ( 'NONE', *, *, #1599, .F. ) ;
#2279 = VECTOR ( 'NONE', #2090, 1000.000000000000000 ) ;
#2280 = ORIENTED_EDGE ( 'NONE', *, *, #1522, .F. ) ;
#2281 = VECTOR ( 'NONE', #561, 1000.000000000000000 ) ;
#2282 = CARTESIAN_POINT ( 'NONE',  ( -152.6192284691789496, 15.58509284988615207, 145.0000000000000000 ) ) ;
#2283 = DIRECTION ( 'NONE',  ( -0.000000000000000000, 1.000000000000000000, -0.000000000000000000 ) ) ;
ENDSEC;
END-ISO-10303-21;
